id;superficie;fecha;lat;lng;latlng_explicit;idprovincia;municipio;causa;causa_supuesta;causa_desc;time_ext
2000270003;1;2000-01-03;42.92851441682484;-6.92081730210842;0;27;NAVIA DE SUAR;4;1;99;120
2000270010;2;2000-01-06;42.75258692251013;-7.631188824617933;1;27;PARADELA     ;4;1;99;120
2000320017;1.5;2000-01-06;41.916913042895885;-7.998670264452225;1;32;MUIÑOS       ;4;1;99;100
2000270012;1;2000-01-07;42.79287206544049;-7.716333429225683;1;27;PORTOMARÍN   ;4;1;99;145
2000270013;5;2000-01-11;42.85937247439215;-7.086749390998772;0;27;BECERREÁ     ;4;1;99;125
2000270014;3;2000-01-11;42.587066667126095;-7.263649528535857;0;27;FOLGOSO DO CO;4;1;1;150
2000270015;2.5;2000-01-11;42.612633113957195;-7.187191560077793;0;27;FOLGOSO DO CO;4;1;1;125
2000320026;1;2000-01-11;42.080763127041685;-7.319910489419432;1;32;CASTRELO DO V;4;1;1;70
2000320038;2;2000-01-12;42.19338112665253;-7.181566732801397;1;32;VILARIÑO DE C;4;1;2;70
2000320044;3;2000-01-12;42.38173394953809;-8.266308140095912;0;32;AVIÓN        ;4;1;99;165
2000360013;1;2000-01-19;42.319821926508524;-8.708536436596146;0;36;MOAÑA        ;3;1;20;225
2000270018;4.5;2000-01-20;42.93638026316027;-7.16764574526211;0;27;BARALLA      ;4;1;99;90
2000360026;13;2000-01-20;42.4086530094292;-8.558993360051263;0;36;PONTE CALDELA;4;1;2;110
2000270021;3;2000-01-22;42.62750079809176;-7.168264982598314;0;27;FOLGOSO DO CO;4;1;2;160
2000360050;2;2000-01-22;42.2687689244022;-8.388394947246491;0;36;COVELO       ;4;1;2;120
2000150033;1.2;2000-01-23;43.21035267562286;-8.30052833385147;1;15;DODRO        ;4;0;2;100
2000150035;1.5;2000-01-23;43.237481559292;-8.250411546523024;1;15;LOUSAME      ;4;1;99;120
2000270023;1;2000-01-23;43.28531452193077;-7.857458515040903;1;27;GUITIRIZ     ;4;1;99;145
2000320058;1.5;2000-01-23;42.2459684983587;-8.231297018227021;0;32;MELÓN        ;4;0;99;120
2000320062;1.5;2000-01-23;41.996437646135305;-8.1167264895361;1;32;ENTRIMO      ;4;1;99;90
2000360064;6;2000-01-23;42.31867199192754;-8.402706462484153;0;36;FORNELOS DE M;4;1;2;205
2000320065;3.5;2000-01-24;42.44818847133033;-8.276206674112558;0;32;AVIÓN        ;4;0;99;65
2000360072;2;2000-01-24;42.09726924805446;-8.327193630250344;0;36;ARBO         ;4;1;2;95
2000150049;1.1;2000-01-25;43.215179482465054;-8.246683489777162;1;15;PADERNE      ;4;0;99;80
2000270027;1;2000-01-25;42.81129182606003;-6.855914736384679;0;27;CERVANTES    ;4;1;99;150
2000270028;2;2000-01-25;43.127050630862044;-7.924696720283522;0;27;GUITIRIZ     ;4;1;99;240
2000270031;1;2000-01-25;42.95508904385581;-7.019593356011233;0;27;NAVIA DE SUAR;4;1;99;70
2000320069;2.5;2000-01-25;42.06763978216593;-7.8865278109762045;1;32;RAIRIZ DE VEI;4;1;1;105
2000320070;1.3;2000-01-25;42.04739611077318;-7.881250539624153;1;32;RAIRIZ DE VEI;4;1;1;95
2000360075;1.4;2000-01-25;42.51212153892683;-8.357166605275582;0;36;FORCAREI     ;4;1;99;90
2000360081;1;2000-01-25;42.608592665887485;-8.521761260464626;1;36;CUNTIS       ;4;1;99;375
2000360085;3;2000-01-25;42.57242001414624;-8.3101254126209;0;36;FORCAREI     ;4;1;99;170
2000270036;1;2000-01-26;42.96520737023082;-7.8497171676558875;1;27;PALAS DE REI ;4;1;1;175
2000320077;1.3;2000-01-26;42.10020102832328;-7.402695334057009;1;32;LAZA         ;4;1;2;215
2000320081;1;2000-01-26;42.30846645665014;-8.247225524838283;0;32;MELÓN        ;4;0;99;100
2000320085;1;2000-01-26;42.1145834684525;-7.426126936557501;1;32;LAZA         ;4;1;2;110
2000360108;3;2000-01-26;42.338259728569696;-8.36253725261369;0;36;FORNELOS DE M;4;0;2;122
2000360111;1;2000-01-26;42.48790209290849;-8.366581944701428;0;36;FORCAREI     ;4;1;1;130
2000360113;2;2000-01-26;42.53840227086319;-8.289392095114536;0;36;FORCAREI     ;4;1;2;165
2000270045;1;2000-01-27;42.96520737023082;-7.8497171676558875;1;27;PALAS DE REI ;4;1;99;90
2000270052;6;2000-01-27;43.40279127891787;-7.601051254682986;1;27;VILALBA      ;4;1;99;240
2000360126;7;2000-01-27;42.53110113505632;-8.250331150396018;0;36;FORCAREI     ;4;1;99;322
2000360133;1.5;2000-01-27;42.525461207095894;-8.34111149252074;0;36;FORCAREI     ;4;1;2;130
2000360136;2;2000-01-27;42.65463696637222;-8.252512030870628;0;36;SILLEDA      ;4;1;1;145
2000270055;2;2000-01-28;43.39566868254558;-7.868797077782826;1;27;XERMADE      ;4;1;99;80
2000270056;2;2000-01-28;43.40279127891787;-7.601051254682986;1;27;VILALBA      ;4;1;99;140
2000320112;2;2000-01-28;42.48480734360049;-7.0391533438316545;1;32;VILAMARTÍN DE;4;1;99;120
2000320114;1;2000-01-28;42.0005431950366;-7.551012975913328;1;32;CUALEDRO     ;4;1;1;165
2000360141;1.5;2000-01-28;42.71735042991153;-8.312460675353483;0;36;SILLEDA      ;4;1;99;139
2000320116;1.1;2000-01-29;41.96214709899065;-7.30676467504681;1;32;RIÓS         ;4;1;1;110
2000270059;1;2000-01-30;42.53952806379854;-7.743663395050623;1;27;CARBALLEDO   ;4;1;99;45
2000270060;1.5;2000-01-30;42.818960059893996;-7.776357437183064;1;27;MONTERROSO   ;4;1;1;90
2000270061;1.5;2000-01-30;42.91130678334081;-7.6217639853631765;1;27;GUNTÍN       ;4;1;1;35
2000320122;1.5;2000-01-30;42.00252062816732;-7.974193313290898;1;32;BANDE        ;4;1;99;705
2000320125;1;2000-01-30;42.21269567506242;-7.6348893906407405;1;32;BAÑOS DE MOLG;4;1;99;40
2000320131;2;2000-01-30;41.996437646135305;-8.1167264895361;1;32;ENTRIMO      ;4;1;99;150
2000320138;2;2000-01-30;42.13758984563207;-7.395911381162469;1;32;LAZA         ;4;1;2;140
2000320139;2.3;2000-01-30;42.03972639213013;-7.849742355404435;1;32;PORQUEIRA    ;4;1;99;300
2000270064;4;2000-01-31;43.561458753129564;-7.5687083558221815;1;27;OUROL        ;4;1;99;240
2000270065;1.5;2000-01-31;42.65812261512433;-7.2544501689386935;1;27;SAMOS        ;4;1;99;120
2000270066;1;2000-01-31;42.91130678334081;-7.6217639853631765;1;27;GUNTÍN       ;4;1;99;185
2000270067;1.1;2000-01-31;42.7366926625602;-7.596233246095496;1;27;PARADELA     ;4;1;1;70
2000270069;24;2000-01-31;42.845625842256005;-6.880538205973239;0;27;CERVANTES    ;4;1;99;395
2000270071;1;2000-01-31;42.88777036234682;-7.844115675329601;1;27;PALAS DE REI ;4;1;99;200
2000320148;1.8;2000-01-31;41.970482850062496;-7.645661947209845;1;32;XINZO DE LIMI;4;1;2;100
2000320159;1;2000-01-31;42.020824798340776;-7.29654839260349;1;32;RIÓS         ;4;1;1;95
2000320160;2;2000-01-31;42.25713753999464;-7.223172526625997;1;32;MANZANEDA    ;4;1;99;70
2000320164;1.7;2000-01-31;42.00211671090046;-7.920333636314476;1;32;MUIÑOS       ;4;1;99;105
2000320166;1.8;2000-01-31;42.196772155944;-7.125926211176477;1;32;VIANA DO BOLO;4;1;2;198
2000320167;2;2000-01-31;42.485057686828696;-8.02372310738229;0;32;PIÑOR        ;4;0;99;97
2000320174;1.7;2000-01-31;42.10732766611137;-7.0199322262341335;1;32;VIANA DO BOLO;4;1;2;68
2000320175;3;2000-01-31;42.181627862319786;-7.089575733531876;1;32;VIANA DO BOLO;4;1;2;99
2000320186;1.2;2000-01-31;41.97944472817171;-7.328648475515799;1;32;RIÓS         ;4;1;1;85
2000320187;3;2000-01-31;42.219177301985525;-7.161441289913397;1;32;VIANA DO BOLO;4;1;99;138
2000320188;3.1;2000-01-31;42.30629083813506;-7.372986597679811;1;32;CHANDREXA DE ;4;1;99;87
2000320192;11.2;2000-01-31;42.337956467176376;-7.352262865944625;1;32;CHANDREXA DE ;4;1;99;285
2000320193;5;2000-01-31;42.488023791315136;-8.335740650502192;0;32;BEARIZ       ;4;0;99;180
2000320194;2;2000-01-31;42.390578468903314;-8.190039890997346;0;32;LEIRO        ;4;0;99;150
2000320195;1;2000-01-31;42.53795984902666;-8.009910673518611;0;32;PIÑOR        ;2;0;90;305
2000360163;2;2000-01-31;42.31999012047996;-8.416152731977032;0;36;FORNELOS DE M;4;1;1;125
2000360174;17;2000-01-31;42.74460339681113;-8.264840464412694;0;36;SILLEDA      ;4;1;1;246
2000360177;2.1;2000-01-31;42.57281095853867;-7.953416359373412;0;36;RODEIRO      ;4;1;1;280
2000360178;12;2000-01-31;42.600850245684356;-8.26203772396658;0;36;SILLEDA      ;5;0;0;147
2000270076;1;2000-02-04;42.83522528915789;-6.911039581836576;0;27;CERVANTES    ;4;1;99;150
2000320200;1;2000-02-04;41.953320978505346;-7.673812358776507;1;32;BALTAR       ;4;1;2;170
2000320201;1.6;2000-02-04;42.286445378872024;-7.204859313707942;1;32;MANZANEDA    ;4;1;99;40
2000150085;1.5;2000-02-05;43.222687632712955;-8.318179877807538;1;15;CARRAL       ;4;1;99;190
2000320209;1;2000-02-05;42.374356894572124;-6.803438507459297;1;32;CARBALLEDA DE;4;1;1;92
2000320210;1.5;2000-02-05;42.26439989582543;-7.335641684367754;1;32;CHANDREXA DE ;4;1;99;110
2000320214;3;2000-02-05;42.23855061977102;-7.333000549052165;1;32;CHANDREXA DE ;4;1;99;200
2000320217;25;2000-02-05;42.3385297359184;-6.787814033896436;1;32;CARBALLEDA DE;4;1;1;230
2000320219;3.25;2000-02-05;42.31977825495819;-6.84825964645511;1;32;CARBALLEDA DE;4;1;1;118
2000320224;1;2000-02-05;42.225081265860815;-7.548530121923106;1;32;MACEDA       ;4;1;99;75
2000320227;10;2000-02-05;42.26439989582543;-7.335641684367754;1;32;CHANDREXA DE ;4;1;99;190
2000320228;1.5;2000-02-05;42.31052098854249;-8.260519262044259;0;32;MELÓN        ;4;1;99;195
2000270079;1.2;2000-02-06;43.63690899782225;-7.499650611313787;1;27;XOVE         ;5;0;0;170
2000270080;6;2000-02-06;42.8867328136461;-7.847699792430022;0;27;PALAS DE REI ;4;1;99;85
2000270082;1;2000-02-06;42.81959735204477;-7.206615750515803;0;27;BECERREÁ     ;4;1;99;45
2000320231;2.5;2000-02-06;42.029577248192254;-8.064999630227524;1;32;LOBEIRA      ;4;1;99;120
2000320233;2.07;2000-02-06;42.286445378872024;-7.204859313707942;1;32;MANZANEDA    ;4;1;99;90
2000320235;1;2000-02-06;42.10709188786162;-8.156314592663854;1;32;PADRENDA     ;4;1;1;65
2000320241;1;2000-02-06;41.89428234844633;-7.945682342998868;1;32;MUIÑOS       ;4;1;2;110
2000320249;1;2000-02-06;42.001856925570095;-7.663736679023587;1;32;XINZO DE LIMI;4;1;2;25
2000320253;1;2000-02-06;42.16016932936461;-7.03429911146111;1;32;VIANA DO BOLO;4;1;2;70
2000360201;3;2000-02-06;42.575671780676586;-7.984883077229069;0;36;RODEIRO      ;4;1;99;220
2000360202;3;2000-02-06;42.58775923046648;-8.307544820135776;0;36;FORCAREI     ;4;1;99;160
2000360203;15;2000-02-06;42.66716452204051;-8.214721443389596;0;36;SILLEDA      ;4;1;5;185
2000320263;1.5;2000-02-07;42.12486024693843;-7.0392142613383575;1;32;VIANA DO BOLO;4;1;2;65
2000320269;1.5;2000-02-07;42.363965608105595;-7.520660643858721;1;32;PARADA DE SIL;4;1;99;65
2000320271;1.5;2000-02-07;42.110542581271424;-7.878773910571866;1;32;RAIRIZ DE VEI;4;1;5;70
2000320272;4;2000-02-07;41.974268529393456;-7.91746085301657;1;32;MUIÑOS       ;4;1;2;90
2000320276;5;2000-02-07;41.974268529393456;-7.91746085301657;1;32;MUIÑOS       ;4;1;2;235
2000270087;8;2000-02-08;43.2038768304696;-7.208704915156879;0;27;RIBEIRA DE PI;4;1;99;330
2000270090;1;2000-02-20;42.613586079949016;-7.153873941419035;0;27;FOLGOSO DO CO;4;1;1;60
2000360207;2;2000-02-20;42.53215233122167;-8.52349629780458;0;36;COTOBADE     ;4;0;1;100
2000320315;1;2000-02-21;42.33165790769979;-7.383644946909707;1;32;CHANDREXA DE ;4;1;2;25
2000320317;1;2000-02-21;42.3019853463417;-7.3998116948592045;1;32;CHANDREXA DE ;4;1;2;45
2000320324;1;2000-02-22;41.9572926573408;-8.075251724416168;1;32;LOBIOS       ;2;1;90;60
2000320325;2.1;2000-02-22;41.971800585793545;-7.212830934652407;1;32;RIÓS         ;4;1;1;105
2000320335;1.5;2000-02-23;41.84917623122422;-8.105950228454276;1;32;LOBIOS       ;4;1;99;110
2000270093;1;2000-02-25;43.043834049058034;-7.496053614315316;1;27;LUGO         ;4;1;99;35
2000320342;2.5;2000-02-25;42.147036609003415;-8.105389628593876;1;32;QUINTELA DE L;4;1;3;165
2000320345;1.5;2000-02-25;42.10732766611137;-7.0199322262341335;1;32;VIANA DO BOLO;4;1;2;95
2000320349;1.5;2000-02-25;42.13765846330002;-7.014135118712866;1;32;VIANA DO BOLO;4;1;2;48
2000320366;1.5;2000-02-25;42.49560900074674;-6.909021928752957;1;32;RUBIÁ        ;4;1;1;30
2000270099;4;2000-02-26;42.54464382830318;-7.269730915395105;0;27;FOLGOSO DO CO;4;1;1;215
2000270100;1.5;2000-02-26;42.57112383978607;-7.262557302157698;0;27;FOLGOSO DO CO;4;1;1;170
2000320375;2;2000-02-26;42.34839547994123;-8.211908656457512;0;32;CARBALLEDA DE;4;1;99;135
2000320378;1;2000-02-26;42.28763826577782;-7.424469442080774;1;32;CHANDREXA DE ;4;1;2;160
2000320384;1.3;2000-02-26;42.4279910884173;-8.05215484775256;0;32;MASIDE       ;4;1;99;75
2000320386;2.7;2000-02-26;42.345412404135494;-6.9048794663675395;1;32;CARBALLEDA DE;4;1;2;245
2000320394;1.1;2000-02-26;41.94303695387247;-7.9206675120901755;1;32;MUIÑOS       ;4;1;99;151
2000320395;1.5;2000-02-26;42.07855902182948;-7.837834412915009;1;32;RAIRIZ DE VEI;4;1;99;209
2000320397;11;2000-02-26;42.05521040138453;-7.969381900803855;1;32;BANDE        ;4;1;99;165
2000270101;1;2000-02-27;42.632122456127256;-7.138493448252234;0;27;FOLGOSO DO CO;4;1;1;85
2000320404;2.5;2000-02-27;42.07383605393469;-7.8662801124828015;1;32;RAIRIZ DE VEI;4;1;99;80
2000320407;2.5;2000-02-27;42.17700001226765;-7.208503775463015;1;32;VILARIÑO DE C;4;1;99;114
2000320410;1;2000-02-27;42.143626333943864;-7.744369565057981;1;32;SANDIÁS      ;4;1;99;105
2000320412;3.54;2000-02-27;42.2703016055038;-7.1856377691453055;1;32;MANZANEDA    ;4;1;2;110
2000320413;1.5;2000-02-27;42.377297241558104;-7.355024122089046;1;32;CASTRO CALDEL;4;1;1;105
2000320414;1;2000-02-27;42.38700077517729;-6.937692738274561;1;32;CARBALLEDA DE;4;1;2;100
2000320415;1.8;2000-02-27;41.94088493449627;-7.8052338246471225;1;32;BALTAR       ;4;1;2;215
2000320416;2;2000-02-27;41.939796907468846;-7.75455307982354;1;32;BALTAR       ;4;1;99;190
2000320417;5;2000-02-27;42.274074012782364;-8.219193708339374;0;32;MELÓN        ;4;1;99;245
2000320420;1.5;2000-02-27;42.3019853463417;-7.3998116948592045;1;32;CHANDREXA DE ;4;1;2;90
2000320423;1.5;2000-02-27;41.923469379658556;-8.184124736819939;1;32;ENTRIMO      ;4;1;99;128
2000320425;2.5;2000-02-27;42.16996625054906;-7.145603868905765;1;32;VIANA DO BOLO;4;1;99;147
2000320426;3.53;2000-02-27;42.062662685388716;-7.285942681788118;1;32;CASTRELO DO V;4;1;1;180
2000320428;2;2000-02-27;42.302232917144764;-7.355572742845387;1;32;CHANDREXA DE ;4;1;2;30
2000320430;1;2000-02-27;42.020824798340776;-7.29654839260349;1;32;RIÓS         ;4;1;1;140
2000320431;1;2000-02-27;41.95791739123455;-7.895269757705692;1;32;CALVOS DE RAN;4;1;2;100
2000320432;8;2000-02-27;42.08195041329041;-8.011349064191279;1;32;BANDE        ;4;1;99;155
2000320441;5;2000-02-27;41.986392915988816;-8.068565320344609;1;32;LOBEIRA      ;4;1;99;190
2000320444;2;2000-02-27;42.12486024693843;-7.0392142613383575;1;32;VIANA DO BOLO;4;1;99;218
2000320445;1.5;2000-02-27;42.10732766611137;-7.0199322262341335;1;32;VIANA DO BOLO;4;1;99;140
2000320447;17;2000-02-27;42.43858961242964;-8.119641112608754;0;32;BOBORÁS      ;4;1;99;390
2000320450;3;2000-02-27;42.4592426913877;-7.875754194507226;0;32;VILAMARÍN    ;4;1;99;190
2000320452;3;2000-02-27;42.24801087498755;-8.245620248546924;0;32;MELÓN        ;4;1;99;120
2000320457;1;2000-02-27;42.2668685555639;-8.223497859331863;0;32;MELÓN        ;4;1;99;75
2000320460;1.5;2000-02-27;41.96327608414234;-7.979915625919607;1;32;MUIÑOS       ;4;1;99;120
2000320461;2.5;2000-02-27;41.915314157932436;-7.957660049321724;1;32;MUIÑOS       ;4;1;99;105
2000320465;20;2000-02-27;42.3629651006573;-8.293204211710291;0;32;AVIÓN        ;4;1;99;350
2000270104;2.5;2000-02-28;42.67078282375454;-7.063785728158707;0;27;PEDRAFITA DO ;4;1;99;165
2000320463;5;2000-02-28;42.05234509718403;-7.907894376180319;1;32;BANDE        ;4;1;99;310
2000320468;1;2000-02-28;41.94088493449627;-7.8052338246471225;1;32;BALTAR       ;4;1;99;90
2000320473;2;2000-02-29;42.47971158027642;-6.89901596799846;1;32;RUBIÁ        ;4;1;1;145
2000320476;2;2000-02-29;41.953320978505346;-7.673812358776507;1;32;BALTAR       ;4;1;99;100
2000320479;6;2000-02-29;42.01180496277397;-8.026783356158932;1;32;LOBEIRA      ;4;1;99;215
2000320480;1;2000-03-01;41.971800585793545;-7.212830934652407;1;32;RIÓS         ;4;1;1;90
2000320492;1.7;2000-03-02;42.16996625054906;-7.145603868905765;1;32;VIANA DO BOLO;4;1;99;112
2000320496;1.5;2000-03-02;41.953300257452526;-7.868780920173047;1;32;CALVOS DE RAN;4;1;2;100
2000320498;1;2000-03-02;41.953320978505346;-7.673812358776507;1;32;BALTAR       ;4;1;2;120
2000270107;2.7;2000-03-03;42.79189681304634;-7.250462220244355;1;27;TRIACASTELA  ;4;1;99;170
2000320501;1.5;2000-03-03;41.94088493449627;-7.8052338246471225;1;32;BALTAR       ;4;1;1;100
2000320505;1.5;2000-03-03;42.07383605393469;-7.8662801124828015;1;32;RAIRIZ DE VEI;4;1;99;50
2000320508;1;2000-03-03;42.2577302075454;-7.839762932333368;1;32;TABOADELA    ;4;1;99;65
2000320509;3.1;2000-03-03;42.37694091233452;-7.550102370047776;1;32;PARADA DE SIL;4;1;99;65
2000320510;1.7;2000-03-03;42.05521040138453;-7.969381900803855;1;32;BANDE        ;4;1;1;240
2000320511;1.3;2000-03-03;42.12486024693843;-7.0392142613383575;1;32;VIANA DO BOLO;4;1;99;85
2000320515;1;2000-03-03;42.110542581271424;-7.878773910571866;1;32;RAIRIZ DE VEI;4;1;4;110
2000320516;4;2000-03-03;42.062662685388716;-7.285942681788118;1;32;CASTRELO DO V;4;1;1;130
2000320518;2;2000-03-03;41.971800585793545;-7.212830934652407;1;32;RIÓS         ;4;1;2;100
2000320520;7;2000-03-03;42.350822875998205;-7.536546186658836;1;32;PARADA DE SIL;4;1;99;125
2000270108;1.5;2000-03-04;42.92318156955491;-7.117617677839519;0;27;BECERREÁ     ;2;1;10;75
2000270110;2;2000-03-04;43.42129244558616;-7.719154446631723;1;27;XERMADE      ;4;1;99;105
2000270113;4;2000-03-04;42.91343311526359;-7.764627524063355;1;27;PALAS DE REI ;4;1;99;105
2000270114;1;2000-03-04;42.727570546488586;-6.99614627429179;0;27;PEDRAFITA DO ;4;1;99;150
2000270116;1;2000-03-04;42.73872266401525;-7.101574024497899;0;27;PEDRAFITA DO ;4;1;99;130
2000320525;3;2000-03-04;42.43865008378536;-8.297613669640876;0;32;AVIÓN        ;4;1;99;120
2000320526;2;2000-03-04;42.062662685388716;-7.285942681788118;1;32;CASTRELO DO V;4;1;1;150
2000320529;5;2000-03-04;42.345412404135494;-6.9048794663675395;1;32;CARBALLEDA DE;2;1;80;135
2000320535;8;2000-03-04;41.95351007447189;-7.272317497661602;1;32;RIÓS         ;4;1;99;140
2000320536;4;2000-03-04;41.9572926573408;-8.075251724416168;1;32;LOBIOS       ;4;0;1;105
2000320538;1.8;2000-03-04;42.1681897588899;-7.182022296369904;1;32;VILARIÑO DE C;4;1;99;150
2000320541;6.1;2000-03-04;42.40524937733725;-7.33743950908877;1;32;SAN XOAN DE R;4;1;99;140
2000320546;3;2000-03-04;41.953320978505346;-7.673812358776507;1;32;BALTAR       ;4;1;2;90
2000320549;7;2000-03-04;42.35230166766997;-7.661995175518791;1;32;ESGOS        ;5;0;0;265
2000320551;2;2000-03-04;42.1145834684525;-7.426126936557501;1;32;LAZA         ;4;1;1;125
2000320555;1.1;2000-03-04;42.01189102764823;-7.801671558346644;1;32;PORQUEIRA    ;4;1;99;65
2000320556;5.2;2000-03-04;42.35436435667763;-8.323513258641402;0;32;AVIÓN        ;4;1;99;445
2000320558;5;2000-03-04;42.33629060874978;-8.247221243048925;0;32;AVIÓN        ;4;1;99;175
2000360232;2;2000-03-04;42.47827253838658;-8.532244468230415;0;36;COTOBADE     ;4;1;99;70
2000150091;1.2;2000-03-05;43.21035267562286;-8.30052833385147;1;15;MUROS        ;4;1;2;390
2000270117;1.5;2000-03-05;42.86577592094248;-7.29675491063687;0;27;BARALLA      ;4;1;99;45
2000270118;2.7;2000-03-05;43.260738293729844;-7.62111398344375;1;27;VILALBA      ;4;1;99;115
2000270119;1;2000-03-05;43.282846902488494;-7.777304585549176;1;27;VILALBA      ;4;1;99;100
2000320559;1;2000-03-05;42.2118518853598;-7.603700240754895;1;32;VILAR DE BARR;4;1;99;130
2000320561;1;2000-03-05;42.188449906492096;-7.4937589269251745;1;32;VILAR DE BARR;4;1;99;180
2000320565;1.5;2000-03-05;42.40990245935822;-8.32028370655692;0;32;AVIÓN        ;4;1;99;150
2000320567;3;2000-03-05;42.354836852105905;-8.260057306629385;0;32;AVIÓN        ;4;1;99;200
2000320568;2;2000-03-05;42.118356066637865;-7.738735520129046;1;32;SANDIÁS      ;4;1;99;120
2000320569;2.03;2000-03-05;41.94303695387247;-7.9206675120901755;1;32;MUIÑOS       ;4;1;4;140
2000320570;1;2000-03-05;42.37946120300712;-8.288454148408004;0;32;AVIÓN        ;4;1;99;130
2000320571;5.3;2000-03-05;42.26668824045251;-7.491945924845582;1;32;MONTEDERRAMO ;4;1;99;125
2000320575;1;2000-03-05;42.357550720395025;-7.966696801094001;0;32;AMOEIRO      ;4;1;99;85
2000320577;1;2000-03-05;41.916913042895885;-7.998670264452225;1;32;MUIÑOS       ;4;1;1;100
2000320580;1;2000-03-05;41.971800585793545;-7.212830934652407;1;32;RIÓS         ;4;1;1;90
2000320581;1;2000-03-05;42.30572212488644;-8.210935294838613;0;32;CARBALLEDA DE;4;1;99;105
2000320582;3;2000-03-05;41.94088493449627;-7.8052338246471225;1;32;BALTAR       ;4;1;2;115
2000320583;30;2000-03-05;42.029577248192254;-8.064999630227524;1;32;LOBEIRA      ;4;1;2;335
2000320584;1.5;2000-03-05;42.029577248192254;-8.064999630227524;1;32;LOBEIRA      ;4;1;2;345
2000320585;3;2000-03-05;42.029577248192254;-8.064999630227524;1;32;LOBEIRA      ;4;1;2;205
2000320588;6;2000-03-05;42.04739611077318;-7.881250539624153;1;32;RAIRIZ DE VEI;4;1;4;360
2000320592;6.02;2000-03-05;42.1681897588899;-7.182022296369904;1;32;VILARIÑO DE C;4;1;1;75
2000320593;5;2000-03-05;41.923698383157145;-7.526088872568859;1;32;MONTERREI    ;4;1;3;187
2000320594;8;2000-03-05;42.113372527383966;-7.103178850076836;1;32;VIANA DO BOLO;2;1;10;222
2000320597;15;2000-03-05;42.029577248192254;-8.064999630227524;1;32;LOBEIRA      ;4;1;2;425
2000320598;30;2000-03-05;42.029577248192254;-8.064999630227524;1;32;LOBEIRA      ;4;0;2;475
2000320600;3;2000-03-05;42.42334859967466;-7.336669534628149;1;32;SAN XOAN DE R;4;1;99;125
2000320601;1;2000-03-05;42.38066775611824;-8.147775649681613;0;32;LEIRO        ;4;1;99;105
2000320604;1.9;2000-03-05;41.97490128917157;-7.853685711488644;1;32;CALVOS DE RAN;4;1;2;90
2000320607;20;2000-03-05;42.10390025628762;-8.064126013924989;1;32;VEREA        ;4;1;1;230
2000320612;3;2000-03-05;42.27054538701915;-7.886964795694553;1;32;SAN CIBRAO DA;4;1;1;240
2000320669;3;2000-03-05;41.923469379658556;-8.184124736819939;1;32;ENTRIMO      ;4;1;2;925
2000360238;15;2000-03-05;42.51663463699972;-8.552699740836816;0;36;CAMPO LAMEIRO;4;1;2;200
2000360242;4;2000-03-05;42.619868461619994;-8.229734008984773;0;36;SILLEDA      ;4;1;99;292
2000360248;1.5;2000-03-05;42.55819998062132;-8.394521249295503;0;36;COTOBADE     ;4;1;99;105
2000360251;5;2000-03-05;42.5723411611055;-8.497849008416745;0;36;CAMPO LAMEIRO;4;1;1;190
2000270126;2;2000-03-06;43.282846902488494;-7.777304585549176;1;27;VILALBA      ;4;1;99;165
2000320610;2;2000-03-06;42.48530426468754;-8.206962808564272;0;32;BOBORÁS      ;4;1;99;345
2000320611;5;2000-03-06;42.42334859967466;-7.336669534628149;1;32;SAN XOAN DE R;4;1;1;110
2000320619;1;2000-03-06;42.27054538701915;-7.886964795694553;1;32;SAN CIBRAO DA;4;1;2;120
2000320620;14;2000-03-06;42.01180496277397;-8.026783356158932;1;32;LOBEIRA      ;4;1;99;215
2000320623;3;2000-03-06;42.11231327055136;-7.930282868955106;1;32;VEREA        ;4;1;4;335
2000320625;4.5;2000-03-06;42.0947333855726;-7.057627835921218;1;32;VIANA DO BOLO;4;1;99;160
2000320627;1;2000-03-06;41.94088493449627;-7.8052338246471225;1;32;BALTAR       ;4;1;2;100
2000320629;1;2000-03-06;42.304704519353685;-8.258477172048744;0;32;MELÓN        ;4;1;99;100
2000320631;2;2000-03-06;42.39194272734529;-8.237873755527856;0;32;AVIÓN        ;4;1;99;133
2000320636;50;2000-03-06;42.26668824045251;-7.491945924845582;1;32;MONTEDERRAMO ;4;1;1;450
2000320641;2;2000-03-06;42.225081265860815;-7.548530121923106;1;32;MACEDA       ;4;1;99;120
2000320647;1;2000-03-06;42.06763978216593;-7.8865278109762045;1;32;RAIRIZ DE VEI;4;1;99;150
2000320648;1.5;2000-03-06;42.320360538366096;-7.4889899714864985;1;32;MONTEDERRAMO ;4;1;1;100
2000320651;1;2000-03-06;42.219177301985525;-7.161441289913397;1;32;VIANA DO BOLO;4;1;99;90
2000320652;1.3;2000-03-06;42.320547277315555;-7.545912827846942;1;32;MONTEDERRAMO ;4;1;1;45
2000320655;2;2000-03-06;42.38972927597707;-7.373614958021684;1;32;CASTRO CALDEL;4;1;2;40
2000320656;6;2000-03-06;41.91600325856669;-8.050532830283744;0;32;LOBIOS       ;4;1;99;155
2000320657;2;2000-03-06;41.94088493449627;-7.8052338246471225;1;32;BALTAR       ;4;1;2;160
2000320661;1;2000-03-06;42.49560900074674;-6.909021928752957;1;32;RUBIÁ        ;4;1;99;39
2000320664;20;2000-03-06;42.40524937733725;-7.33743950908877;1;32;SAN XOAN DE R;4;1;1;385
2000320665;6;2000-03-06;41.920360782409624;-7.649399675872498;1;32;CUALEDRO     ;4;1;2;160
2000320668;5;2000-03-06;41.96214709899065;-7.30676467504681;1;32;RIÓS         ;4;1;1;220
2000150101;1.2;2000-03-07;43.21035267562286;-8.30052833385147;1;15;CESURAS      ;4;1;2;105
2000150112;7;2000-03-07;43.25012219015811;-8.272430205536436;1;15;ZAS          ;4;1;99;320
2000270130;3;2000-03-07;43.282846902488494;-7.777304585549176;1;27;VILALBA      ;5;0;0;115
2000270132;1;2000-03-07;43.40279127891787;-7.601051254682986;1;27;VILALBA      ;4;1;99;115
2000270133;2.5;2000-03-07;43.41489365701536;-7.661272316874718;1;27;VILALBA      ;4;1;99;345
2000270136;1;2000-03-07;42.70504813584733;-7.156719269262821;0;27;PEDRAFITA DO ;5;0;0;135
2000270141;14;2000-03-07;42.43378974523328;-7.182868372478494;0;27;QUIROGA      ;4;1;1;295
2000270142;2.5;2000-03-07;42.825087821641816;-6.973752364335289;0;27;CERVANTES    ;4;1;99;210
2000270143;5;2000-03-07;42.76768965146852;-6.922280997618204;0;27;CERVANTES    ;4;1;99;155
2000270144;2.9;2000-03-07;43.28531452193077;-7.857458515040903;1;27;GUITIRIZ     ;4;1;99;315
2000320672;3.8;2000-03-07;42.28763826577782;-7.424469442080774;1;32;CHANDREXA DE ;4;1;1;130
2000320673;1;2000-03-07;42.550480312486606;-8.038755699910858;0;32;PIÑOR        ;4;1;99;80
2000320678;6;2000-03-07;42.42334859967466;-7.336669534628149;1;32;SAN XOAN DE R;4;1;1;140
2000320679;1.5;2000-03-07;42.08195041329041;-8.011349064191279;1;32;BANDE        ;4;1;1;115
2000320681;15.5;2000-03-07;42.029577248192254;-8.064999630227524;1;32;LOBEIRA      ;4;1;2;355
2000320689;1.5;2000-03-07;42.16016932936461;-7.03429911146111;1;32;VIANA DO BOLO;4;1;99;125
2000320690;4;2000-03-07;41.939796907468846;-7.75455307982354;1;32;BALTAR       ;4;1;99;250
2000320695;3;2000-03-07;42.44365587930976;-8.33546559981337;0;32;AVIÓN        ;4;1;99;150
2000320701;2.1;2000-03-07;42.253102613062424;-7.176687698491145;1;32;MANZANEDA    ;4;1;1;110
2000320706;2;2000-03-07;41.939796907468846;-7.75455307982354;1;32;BALTAR       ;5;0;0;135
2000320708;2;2000-03-07;42.35512567246643;-8.255230929744547;0;32;AVIÓN        ;4;1;99;160
2000320712;3;2000-03-07;42.40411157109642;-7.907606441868661;0;32;AMOEIRO      ;4;0;99;80
2000320715;8;2000-03-07;41.96327608414234;-7.979915625919607;1;32;MUIÑOS       ;4;1;1;230
2000320717;3;2000-03-07;42.280531653572304;-8.203305999834477;0;32;MELÓN        ;2;0;90;110
2000320719;1.12;2000-03-07;42.37840863765655;-7.296096855355183;1;32;SAN XOAN DE R;4;1;1;135
2000320726;2;2000-03-07;42.1681897588899;-7.182022296369904;1;32;VILARIÑO DE C;4;1;2;140
2000320729;13.1;2000-03-07;42.320360538366096;-7.4889899714864985;1;32;MONTEDERRAMO ;4;1;1;145
2000320732;3;2000-03-07;42.118356066637865;-7.738735520129046;1;32;SANDIÁS      ;5;0;0;80
2000320734;2;2000-03-07;42.29813355380109;-8.182565905969183;0;32;MELÓN        ;4;0;99;140
2000320735;1.5;2000-03-07;42.36794599490274;-7.445781137674359;1;32;CASTRO CALDEL;4;1;1;120
2000320736;17;2000-03-07;42.34310812354715;-7.567463111500356;1;32;PARADA DE SIL;4;1;1;280
2000320737;8.05;2000-03-07;42.337294589024545;-7.464817093826244;1;32;MONTEDERRAMO ;4;1;99;225
2000320738;3;2000-03-07;42.31977825495819;-6.84825964645511;1;32;CARBALLEDA DE;4;1;5;160
2000320744;3;2000-03-07;42.13881276448983;-8.000518058647977;1;32;VEREA        ;4;1;1;175
2000320745;10;2000-03-07;42.13881276448983;-8.000518058647977;1;32;VEREA        ;4;1;99;265
2000320747;1;2000-03-07;41.89428234844633;-7.945682342998868;1;32;MUIÑOS       ;4;1;2;100
2000320749;2.25;2000-03-07;42.00211671090046;-7.920333636314476;1;32;MUIÑOS       ;4;1;1;135
2000320750;3.5;2000-03-07;42.48480734360049;-7.0391533438316545;1;32;VILAMARTÍN DE;4;1;1;215
2000320753;1.5;2000-03-07;42.0620051347067;-8.038308818041143;1;32;BANDE        ;4;1;1;180
2000320754;3.5;2000-03-07;42.48480734360049;-7.0391533438316545;1;32;VILAMARTÍN DE;4;1;1;215
2000320755;5.1;2000-03-07;41.923662135229094;-7.213415603871462;1;32;VILARDEVÓS   ;4;1;1;115
2000320756;10.8;2000-03-07;42.36794599490274;-7.445781137674359;1;32;CASTRO CALDEL;4;1;1;655
2000320757;1;2000-03-07;41.96824984886917;-7.270289971608748;1;32;RIÓS         ;4;1;99;80
2000320760;1.8;2000-03-07;42.143626333943864;-7.744369565057981;1;32;SANDIÁS      ;4;1;99;104
2000320821;15;2000-03-07;41.87232930343001;-8.016309424205788;1;32;LOBIOS       ;4;1;2;1080
2000320822;7;2000-03-07;42.346793167304426;-8.16639102027055;0;32;CARBALLEDA DE;4;1;99;290
2000360269;8;2000-03-07;42.48929009208012;-8.353116143428204;0;36;FORCAREI     ;4;1;1;189
2000360272;2;2000-03-07;42.158011933591055;-8.428809742755632;0;36;SALVATERRA DE;4;1;10;92
2000150118;1.3;2000-03-08;43.2293339565258;-8.294560429252096;1;15;ARANGA       ;4;1;2;140
2000150135;13;2000-03-08;43.21035267562286;-8.30052833385147;1;15;MONFERO      ;4;1;99;280
2000270148;1.5;2000-03-08;43.31834948864204;-7.751274490814217;1;27;VILALBA      ;4;1;99;110
2000270154;1.3;2000-03-08;43.282846902488494;-7.777304585549176;1;27;VILALBA      ;4;1;99;200
2000320762;2.45;2000-03-08;42.36794599490274;-7.445781137674359;1;32;CASTRO CALDEL;6;1;0;165
2000320763;2.5;2000-03-08;42.23406090756795;-7.430299106490729;1;32;CHANDREXA DE ;4;1;1;125
2000320764;3;2000-03-08;42.10020102832328;-7.402695334057009;1;32;LAZA         ;4;1;2;165
2000320765;12;2000-03-08;42.23406090756795;-7.430299106490729;1;32;CHANDREXA DE ;4;1;1;120
2000320769;1.1;2000-03-08;42.312720833131685;-7.193750365852416;1;32;MANZANEDA    ;4;1;1;90
2000320771;5;2000-03-08;42.1829820249355;-7.643787308338233;1;32;VILAR DE BARR;4;1;99;170
2000320772;7;2000-03-08;42.26869585757965;-8.258037419012206;0;32;MELÓN        ;4;1;99;335
2000320773;5;2000-03-08;42.32078067974573;-8.265434860127034;0;32;AVIÓN        ;4;0;99;255
2000320775;2.8;2000-03-08;42.19338112665253;-7.181566732801397;1;32;VILARIÑO DE C;4;1;2;185
2000320777;1;2000-03-08;41.92182804972553;-7.30326083700428;1;32;VILARDEVÓS   ;4;1;1;50
2000320787;1;2000-03-08;42.138164418669064;-7.940314980738829;1;32;CELANOVA     ;4;1;1;205
2000320790;1;2000-03-08;41.980920594744056;-8.034134257891022;1;32;LOBEIRA      ;4;1;19;115
2000320792;5;2000-03-08;42.43547385474231;-8.019003501128187;0;32;MASIDE       ;4;1;99;283
2000320796;25;2000-03-08;42.23406090756795;-7.430299106490729;1;32;CHANDREXA DE ;4;1;1;405
2000320797;3;2000-03-08;42.43402738115591;-8.15766427723439;0;32;BOBORÁS      ;4;1;99;182
2000320799;1;2000-03-08;42.52782360792479;-8.06218154087427;0;32;PIÑOR        ;4;1;99;72
2000320802;5;2000-03-08;42.15235361818026;-7.161452756397279;1;32;VIANA DO BOLO;4;1;2;255
2000320803;1.5;2000-03-08;42.225081265860815;-7.548530121923106;1;32;MACEDA       ;4;1;99;75
2000320807;1;2000-03-08;41.94303695387247;-7.9206675120901755;1;32;MUIÑOS       ;4;1;2;95
2000320808;17;2000-03-08;42.301472657053374;-8.202710435906948;0;32;CARBALLEDA DE;4;0;99;522
2000320810;2.3;2000-03-08;42.13138472439441;-7.072938390373783;1;32;VIANA DO BOLO;4;1;2;100
2000320815;2.5;2000-03-08;42.020824798340776;-7.29654839260349;1;32;RIÓS         ;4;1;1;85
2000320816;10;2000-03-08;42.16016932936461;-7.03429911146111;1;32;VIANA DO BOLO;4;1;2;270
2000320817;10;2000-03-08;42.01180496277397;-8.026783356158932;1;32;LOBEIRA      ;4;1;2;245
2000320820;3;2000-03-08;42.3019853463417;-7.3998116948592045;1;32;CHANDREXA DE ;4;1;1;220
2000320824;30;2000-03-08;42.029577248192254;-8.064999630227524;1;32;LOBEIRA      ;4;1;99;585
2000320838;3.5;2000-03-08;41.953300257452526;-7.868780920173047;1;32;CALVOS DE RAN;4;1;2;285
2000360288;1;2000-03-08;42.16065499446549;-8.438187522527327;0;36;SALVATERRA DE;4;1;10;127
2000360289;2;2000-03-08;42.47516222811067;-8.549556370846;0;36;COTOBADE     ;4;1;2;240
2000360291;2;2000-03-08;42.44946140239595;-8.525312942863621;0;36;COTOBADE     ;4;1;2;110
2000360292;2;2000-03-08;42.581783410785704;-8.455561418166164;0;36;COTOBADE     ;4;1;2;160
2000360298;2;2000-03-08;42.294023515482984;-8.543763073952295;0;36;PAZOS DE BORB;4;1;99;135
2000360308;1.5;2000-03-08;42.71875385175312;-8.287865554859918;0;36;SILLEDA      ;4;1;1;96
2000150148;4;2000-03-09;43.18683077861371;-8.319686649410995;1;15;PONTECESO    ;4;1;99;235
2000270159;4;2000-03-09;42.93032917598587;-7.884115855823888;1;27;PALAS DE REI ;4;1;99;165
2000270163;40;2000-03-09;42.65145707995347;-7.071432906245217;0;27;PEDRAFITA DO ;2;0;10;375
2000270164;7.25;2000-03-09;42.960686133885375;-7.888839453235793;1;27;PALAS DE REI ;5;0;0;105
2000270166;1;2000-03-09;42.5333737703053;-7.784249923123892;1;27;CARBALLEDO   ;4;0;2;75
2000270169;1;2000-03-09;42.89869631666033;-7.309764085968999;0;27;BARALLA      ;4;1;99;75
2000270170;1;2000-03-09;42.44364462615202;-7.349502737280033;0;27;RIBAS DE SIL ;4;1;1;120
2000270171;2;2000-03-09;42.73486862066077;-7.876522717097356;1;27;ANTAS DE ULLA;4;1;99;95
2000270172;10;2000-03-09;42.78686957253914;-6.9792985657860385;0;27;CERVANTES    ;4;1;99;310
2000270173;1.5;2000-03-09;42.619144794429744;-7.100989283340341;0;27;FOLGOSO DO CO;5;0;0;160
2000270178;8;2000-03-09;42.57376633386677;-7.219517661903583;0;27;FOLGOSO DO CO;4;1;1;220
2000270181;1;2000-03-09;43.4435480558577;-7.608713265861508;1;27;MURAS        ;4;0;99;420
2000270184;3;2000-03-09;43.4435480558577;-7.608713265861508;1;27;MURAS        ;4;0;99;420
2000270185;3.5;2000-03-09;43.4435480558577;-7.608713265861508;1;27;MURAS        ;4;0;99;420
2000320823;6.8;2000-03-09;42.42334859967466;-7.336669534628149;1;32;SAN XOAN DE R;4;1;1;235
2000320826;3.5;2000-03-09;42.16016932936461;-7.03429911146111;1;32;VIANA DO BOLO;6;1;0;215
2000320829;3;2000-03-09;41.94088493449627;-7.8052338246471225;1;32;BALTAR       ;4;1;99;237
2000320834;5.1;2000-03-09;42.3019853463417;-7.3998116948592045;1;32;CHANDREXA DE ;4;1;1;200
2000320835;1;2000-03-09;41.91094870075014;-7.828111010798882;1;32;CALVOS DE RAN;4;1;2;105
2000320840;3.2;2000-03-09;42.30535495575257;-7.553081047095448;1;32;MONTEDERRAMO ;4;1;1;145
2000320847;3;2000-03-09;41.95351007447189;-7.272317497661602;1;32;RIÓS         ;4;1;1;130
2000320851;2.5;2000-03-09;42.13339985046527;-7.845108491660743;1;32;RAIRIZ DE VEI;5;0;0;170
2000320852;1.5;2000-03-09;42.06763978216593;-7.8865278109762045;1;32;RAIRIZ DE VEI;4;1;2;140
2000320853;2.5;2000-03-09;42.01549576150597;-7.601265191816225;1;32;TRASMIRAS    ;4;1;99;75
2000320856;2.5;2000-03-09;42.175607921637514;-7.066765056893075;1;32;VIANA DO BOLO;4;1;2;120
2000320861;2;2000-03-09;42.36858698737171;-6.86988655923539;1;32;CARBALLEDA DE;4;1;5;120
2000320876;2.15;2000-03-09;42.27110024307476;-7.527212083207543;1;32;MONTEDERRAMO ;4;1;99;168
2000320878;1;2000-03-09;42.51140314831383;-6.944280914617228;1;32;RUBIÁ        ;2;1;90;180
2000320880;7;2000-03-09;42.41113657697398;-7.370497620783162;1;32;CASTRO CALDEL;4;1;99;195
2000320883;2.3;2000-03-09;41.916913042895885;-7.998670264452225;1;32;MUIÑOS       ;4;1;1;180
2000320884;2;2000-03-09;42.00201973385582;-7.622654983956543;1;32;TRASMIRAS    ;5;0;0;89
2000320885;1;2000-03-09;42.00847842095378;-7.779527773860874;1;32;XINZO DE LIMI;4;1;99;240
2000320886;5;2000-03-09;42.430651054664345;-8.299549093477054;0;32;AVIÓN        ;4;1;99;134
2000320887;3.5;2000-03-09;42.28041669513056;-7.2541834999050385;1;32;MANZANEDA    ;4;1;99;205
2000320888;2.51;2000-03-09;42.33165790769979;-7.383644946909707;1;32;CHANDREXA DE ;4;1;99;260
2000320889;2.5;2000-03-09;42.01189102764823;-7.801671558346644;1;32;PORQUEIRA    ;5;0;0;220
2000320891;2.5;2000-03-09;42.06763978216593;-7.8865278109762045;1;32;RAIRIZ DE VEI;4;1;99;275
2000320892;15;2000-03-09;41.923469379658556;-8.184124736819939;1;32;ENTRIMO      ;4;1;2;387
2000320895;3.5;2000-03-09;41.96162290051884;-8.036682355973754;1;32;LOBEIRA      ;4;1;1;710
2000320896;7;2000-03-09;42.46207464299242;-7.9186454515894065;0;32;SAN CRISTOVO ;4;1;99;825
2000320897;15;2000-03-09;41.96972486249472;-8.149017765036916;1;32;ENTRIMO      ;4;1;2;440
2000360325;2.6;2000-03-09;42.67178535006489;-8.316569748821529;0;36;SILLEDA      ;4;1;5;300
2000360328;1.5;2000-03-09;42.46953046456912;-8.554105877153523;0;36;COTOBADE     ;4;1;2;125
2000360351;5.9;2000-03-09;42.62352032193653;-8.064329752895803;0;36;DOZÓN        ;4;1;1;225
2000360356;1.9;2000-03-09;42.56177483973503;-8.097750634993142;0;36;DOZÓN        ;4;1;1;275
2000360358;31.2;2000-03-09;42.6824156969133;-8.324118115597503;1;36;RODEIRO      ;4;1;1;570
2000150167;1.5;2000-03-10;43.215179482465054;-8.246683489777162;1;15;COIRÓS       ;2;1;30;90
2000150169;1.4;2000-03-10;43.25012219015811;-8.272430205536436;1;15;CORISTANCO   ;5;0;0;160
2000150170;1;2000-03-10;43.21592283592548;-8.278180274720409;1;15;SANTA COMBA  ;4;1;99;160
2000150181;5;2000-03-10;43.215179482465054;-8.246683489777162;1;15;CERCEDA      ;4;1;1;210
2000150184;1.5;2000-03-10;43.222687632712955;-8.318179877807538;1;15;TRAZO        ;2;0;10;205
2000150189;9;2000-03-10;43.25012219015811;-8.272430205536436;1;15;FERROL       ;4;1;99;435
2000150192;3;2000-03-10;43.229092993263215;-8.256511500166487;1;15;CESURAS      ;4;1;2;250
2000150193;1.5;2000-03-10;43.26698595958046;-8.27496488491917;1;15;PONTECESO    ;4;1;99;605
2000150196;3.5;2000-03-10;43.237481559292;-8.250411546523024;1;15;SANTA COMBA  ;4;1;1;215
2000150199;6;2000-03-10;43.25012219015811;-8.272430205536436;1;15;ZAS          ;4;1;3;575
2000270177;4.15;2000-03-10;43.40279127891787;-7.601051254682986;1;27;VILALBA      ;4;0;99;150
2000270179;5;2000-03-10;42.65940541115226;-7.06281675996876;0;27;PEDRAFITA DO ;4;1;99;335
2000270187;1;2000-03-10;42.726433657186504;-7.177123818208611;0;27;PEDRAFITA DO ;2;1;10;175
2000270192;1;2000-03-10;42.90691768268923;-7.199937289052649;0;27;BECERREÁ     ;4;1;99;80
2000270194;6.08;2000-03-10;43.40279127891787;-7.601051254682986;1;27;VILALBA      ;4;0;99;170
2000270198;2.5;2000-03-10;42.455456352716126;-7.432739212555859;0;27;MONFORTE DE L;5;0;0;225
2000270199;1.5;2000-03-10;42.89901648585238;-7.88946988410393;1;27;PALAS DE REI ;4;1;99;205
2000270203;6;2000-03-10;42.76830522623799;-7.612081071168951;1;27;PARADELA     ;4;0;5;200
2000270204;1.5;2000-03-10;43.5050278779266;-7.7236321286979015;1;27;MURAS        ;4;1;99;195
2000270206;4.05;2000-03-10;43.31611589614045;-7.561902491221279;1;27;VILALBA      ;4;0;99;160
2000270207;10;2000-03-10;43.55106611701974;-7.690993500201853;1;27;OUROL        ;4;1;99;470
2000270208;5;2000-03-10;43.484733093487336;-7.623572188327193;1;27;MURAS        ;3;0;30;725
2000270209;10;2000-03-10;42.83458842217574;-7.269923805980653;1;27;LÁNCARA      ;2;1;90;245
2000320893;7;2000-03-10;42.3874839958708;-8.223488292187074;0;32;AVIÓN        ;4;1;99;245
2000320894;1;2000-03-10;42.06763978216593;-7.8865278109762045;1;32;RAIRIZ DE VEI;5;0;0;70
2000320899;2.3;2000-03-10;41.93844860846595;-7.568607920051419;1;32;MONTERREI    ;4;1;1;110
2000320903;4;2000-03-10;42.28041669513056;-7.2541834999050385;1;32;MANZANEDA    ;4;1;99;163
2000320904;5.4;2000-03-10;41.96695777700909;-7.951701610834837;1;32;MUIÑOS       ;4;1;1;180
2000320905;3;2000-03-10;42.216282338151125;-8.027502554812987;1;32;CARTELLE     ;5;0;0;130
2000320906;2;2000-03-10;42.21992241882551;-7.710714489879187;1;32;BAÑOS DE MOLG;4;1;99;100
2000320910;3;2000-03-10;42.06763978216593;-7.8865278109762045;1;32;RAIRIZ DE VEI;4;1;99;150
2000320913;19;2000-03-10;42.0947333855726;-7.057627835921218;1;32;VIANA DO BOLO;4;1;2;286
2000320921;1.2;2000-03-10;42.283668154640445;-7.350925481157945;1;32;CHANDREXA DE ;4;1;99;90
2000320928;4;2000-03-10;41.97490128917157;-7.853685711488644;1;32;CALVOS DE RAN;2;0;20;360
2000320933;2;2000-03-10;42.30535495575257;-7.553081047095448;1;32;MONTEDERRAMO ;4;1;99;30
2000320939;1.7;2000-03-10;42.337956467176376;-7.352262865944625;1;32;CHANDREXA DE ;4;1;2;180
2000320941;10;2000-03-10;42.2449060004539;-7.788422858258705;1;32;ALLARIZ      ;4;1;99;165
2000320942;17;2000-03-10;42.28341523923649;-7.784956307075408;1;32;PADERNE DE AL;4;1;1;260
2000320947;1;2000-03-10;42.48167943699068;-6.8680723601650095;1;32;RUBIÁ        ;4;1;99;75
2000320954;7;2000-03-10;42.36794599490274;-7.445781137674359;1;32;CASTRO CALDEL;4;1;99;150
2000320956;1.04;2000-03-10;42.35230166766997;-7.661995175518791;1;32;ESGOS        ;5;0;0;95
2000320959;6.5;2000-03-10;41.974268529393456;-7.91746085301657;1;32;MUIÑOS       ;4;1;99;165
2000320962;25;2000-03-10;41.91617559418779;-7.784230514065453;1;32;BALTAR       ;5;0;0;635
2000320963;27.6;2000-03-10;42.13339985046527;-7.845108491660743;1;32;RAIRIZ DE VEI;4;1;99;445
2000320968;4;2000-03-10;42.00414220277555;-7.250843227903747;1;32;RIÓS         ;4;1;1;155
2000320970;2;2000-03-10;41.84917623122422;-8.105950228454276;1;32;LOBIOS       ;4;1;99;119
2000320976;8;2000-03-10;41.979902171078336;-7.681118816981574;1;32;BALTAR       ;4;1;2;860
2000321184;4;2000-03-10;42.33897656083136;-8.169376239957808;0;32;CARBALLEDA DE;4;1;99;250
2000321185;2.5;2000-03-10;42.38473456223943;-8.257288368135946;0;32;AVIÓN        ;4;1;99;120
2000321186;1;2000-03-10;41.98678952594968;-7.8921752052332215;1;32;CALVOS DE RAN;4;1;2;445
2000321336;8;2000-03-10;42.00211671090046;-7.920333636314476;1;32;MUIÑOS       ;4;1;1;600
2000321751;8;2000-03-10;42.227440115701796;-7.080378863658134;1;32;VIANA DO BOLO;4;1;2;1560
2000321752;15;2000-03-10;42.523254289185935;-7.960017939440526;0;32;SAN CRISTOVO ;4;1;99;520
2000360360;15;2000-03-10;42.635747946579635;-8.33766701670463;0;36;FORCAREI     ;4;1;5;205
2000360374;1.5;2000-03-10;42.708271586371055;-7.946965078205812;0;36;RODEIRO      ;4;1;1;165
2000360376;1;2000-03-10;42.582295888705005;-8.57269598863044;0;36;MORAÑA       ;2;1;20;130
2000360377;1.8;2000-03-10;42.32035975813252;-8.339563486899005;0;36;COVELO       ;4;1;10;105
2000360378;1.5;2000-03-10;42.63667434671798;-8.28232640499212;1;36;CUNTIS       ;4;1;10;250
2000360383;2;2000-03-10;42.600870210294644;-7.911131695430852;0;36;RODEIRO      ;4;1;1;200
2000360385;1.2;2000-03-10;42.6928583794167;-8.342704475024052;0;36;SILLEDA      ;4;1;5;165
2000360396;6;2000-03-10;42.446985791154034;-8.508011905146592;0;36;COTOBADE     ;4;1;10;100
2000360399;2;2000-03-10;42.55346638552281;-8.077872454330025;0;36;DOZÓN        ;4;1;1;205
2000360404;42;2000-03-10;42.55706001486902;-8.55371545422447;0;36;CAMPO LAMEIRO;4;1;2;495
2000360406;13;2000-03-10;42.57813360809244;-8.442623249480194;0;36;COTOBADE     ;4;1;10;365
2000360409;1.2;2000-03-10;42.51664135211508;-8.57178037072144;0;36;CAMPO LAMEIRO;4;1;2;160
2000360410;1.3;2000-03-10;42.35938575460081;-8.360206157078524;0;36;FORNELOS DE M;4;1;99;245
2000360413;3;2000-03-10;42.63905510837822;-8.251966181475217;0;36;SILLEDA      ;4;1;1;136
2000360415;17;2000-03-10;42.70247709880373;-8.238665584951622;0;36;SILLEDA      ;4;1;1;495
2000150220;1.5;2000-03-11;43.21035267562286;-8.30052833385147;1;15;AMES         ;4;0;99;195
2000150221;1.6;2000-03-11;43.222687632712955;-8.318179877807538;1;15;VALDOVIÑO    ;5;0;0;140
2000150224;1.1;2000-03-11;43.26698595958046;-8.27496488491917;1;15;FERROL       ;4;0;1;85
2000150226;5.45;2000-03-11;43.21035267562286;-8.30052833385147;1;15;CEE          ;4;1;99;578
2000150227;3;2000-03-11;43.26698595958046;-8.27496488491917;1;15;VIMIANZO     ;4;1;2;135
2000150235;12;2000-03-11;43.207709182624356;-8.27086641837465;1;15;CARBALLO     ;5;0;0;390
2000150238;1;2000-03-11;43.18683077861371;-8.319686649410995;1;15;CARBALLO     ;2;1;30;245
2000150240;4.3;2000-03-11;43.21035267562286;-8.30052833385147;1;15;CEE          ;4;1;99;480
2000150241;7;2000-03-11;43.25021128916391;-8.244502606243223;1;15;VAL DO DUBRA ;4;1;5;380
2000150253;1.2;2000-03-11;43.215179482465054;-8.246683489777162;1;15;CERCEDA      ;4;1;1;225
2000150259;4;2000-03-11;43.2293339565258;-8.294560429252096;1;15;MONFERO      ;4;0;2;401
2000150260;5;2000-03-11;43.21592283592548;-8.278180274720409;1;15;MONFERO      ;4;0;2;455
2000270211;2;2000-03-11;42.76595920082007;-7.21584668541215;1;27;TRIACASTELA  ;4;1;99;105
2000270214;47;2000-03-11;42.798682449393134;-7.003210336756966;0;27;CERVANTES    ;4;0;99;410
2000270215;18.4;2000-03-11;42.80732453916679;-6.90923332208602;0;27;CERVANTES    ;4;1;99;95
2000270216;4.1;2000-03-11;43.46489278018013;-7.666535770381151;1;27;MURAS        ;4;1;99;340
2000270217;30;2000-03-11;42.572774505603896;-7.261892255530142;0;27;FOLGOSO DO CO;4;1;1;670
2000270218;2.25;2000-03-11;42.989341229026024;-6.9481056709428834;1;27;NAVIA DE SUAR;4;1;99;100
2000270221;1.5;2000-03-11;42.76830522623799;-7.612081071168951;1;27;PARADELA     ;6;1;0;310
2000270223;1.6;2000-03-11;43.006712364772575;-7.857912198669336;1;27;FRIOL        ;2;1;90;105
2000270225;4;2000-03-11;42.637524552922905;-7.202802557037654;0;27;FOLGOSO DO CO;4;1;1;275
2000270226;2;2000-03-11;42.888922039787076;-7.747298307744648;1;27;MONTERROSO   ;5;0;0;120
2000270227;1;2000-03-11;43.006712364772575;-7.857912198669336;1;27;FRIOL        ;4;1;99;85
2000270228;1;2000-03-11;43.289044235526326;-7.543064903295435;1;27;VILALBA      ;4;1;99;65
2000270229;1;2000-03-11;43.08362336565054;-7.222132138269084;1;27;BALEIRA      ;4;1;99;150
2000270233;6;2000-03-11;43.02070138384123;-7.011674710232465;1;27;NAVIA DE SUAR;4;1;99;250
2000270235;4;2000-03-11;42.53952806379854;-7.743663395050623;1;27;CARBALLEDO   ;4;1;5;150
2000270236;2;2000-03-11;42.53952806379854;-7.743663395050623;1;27;CARBALLEDO   ;4;1;5;200
2000270237;5;2000-03-11;42.53952806379854;-7.743663395050623;1;27;CARBALLEDO   ;4;1;5;245
2000270241;1;2000-03-11;43.46489278018013;-7.666535770381151;1;27;MURAS        ;6;0;0;245
2000320979;1;2000-03-11;42.0005431950366;-7.551012975913328;1;32;CUALEDRO     ;4;1;1;75
2000320980;2.3;2000-03-11;42.108986815499584;-7.901358791279963;1;32;VEREA        ;4;1;99;155
2000320981;20;2000-03-11;42.0005431950366;-7.551012975913328;1;32;CUALEDRO     ;4;1;1;360
2000320984;1;2000-03-11;42.29391399421325;-8.255607411684348;0;32;MELÓN        ;4;1;99;120
2000320985;2;2000-03-11;42.113372527383966;-7.103178850076836;1;32;VIANA DO BOLO;4;1;2;80
2000320987;3;2000-03-11;42.386093923651764;-8.277007703712428;0;32;AVIÓN        ;4;1;99;200
2000320991;2;2000-03-11;41.95195836113537;-8.048507278158878;1;32;LOBEIRA      ;4;1;99;120
2000320998;6;2000-03-11;42.4991551330266;-7.998682302300975;0;32;PIÑOR        ;4;1;99;300
2000320999;1.5;2000-03-11;41.979902171078336;-7.681118816981574;1;32;BALTAR       ;5;0;0;255
2000321001;11;2000-03-11;42.26652641633371;-7.458108800814962;1;32;MONTEDERRAMO ;4;1;99;130
2000321002;2;2000-03-11;42.0947333855726;-7.057627835921218;1;32;VIANA DO BOLO;4;1;2;127
2000321004;1.3;2000-03-11;42.247705241906964;-7.26709823814559;1;32;MANZANEDA    ;4;1;99;70
2000321011;2;2000-03-11;41.974268529393456;-7.91746085301657;1;32;MUIÑOS       ;4;1;99;265
2000321013;2;2000-03-11;41.974268529393456;-7.91746085301657;1;32;MUIÑOS       ;4;1;99;265
2000321019;6;2000-03-11;42.113542596874495;-8.18021565001109;1;32;PADRENDA     ;4;1;99;420
2000321020;15;2000-03-11;42.01180496277397;-8.026783356158932;1;32;LOBEIRA      ;4;1;99;380
2000321021;3.5;2000-03-11;41.923469379658556;-8.184124736819939;1;32;ENTRIMO      ;4;1;2;370
2000321023;2.6;2000-03-11;42.44428132139442;-6.880758608916659;1;32;RUBIÁ        ;2;1;80;275
2000321025;3;2000-03-11;41.916913042895885;-7.998670264452225;1;32;MUIÑOS       ;4;1;2;395
2000321026;3;2000-03-11;42.07383605393469;-7.8662801124828015;1;32;RAIRIZ DE VEI;4;1;2;340
2000321029;2.5;2000-03-11;42.3019853463417;-7.3998116948592045;1;32;CHANDREXA DE ;4;1;99;80
2000321030;4;2000-03-11;42.335278566509594;-8.30166176382706;0;32;AVIÓN        ;4;1;99;250
2000321033;1;2000-03-11;42.337956467176376;-7.352262865944625;1;32;CHANDREXA DE ;4;1;99;95
2000321036;1.5;2000-03-11;42.219177301985525;-7.161441289913397;1;32;VIANA DO BOLO;4;1;99;200
2000321037;4;2000-03-11;42.23406090756795;-7.430299106490729;1;32;CHANDREXA DE ;4;1;99;160
2000321038;10.2;2000-03-11;42.357992748371366;-7.365363316930147;1;32;CASTRO CALDEL;4;1;99;350
2000321045;2.5;2000-03-11;42.29666713867511;-8.183087650731242;0;32;MELÓN        ;4;1;99;95
2000321047;4;2000-03-11;42.37751451749254;-6.888544646288632;1;32;CARBALLEDA DE;2;1;80;105
2000321048;2;2000-03-11;42.20820099872004;-7.831329905407671;1;32;ALLARIZ      ;4;1;99;125
2000321051;5.2;2000-03-11;42.244403604435846;-7.373705407778349;1;32;CHANDREXA DE ;4;1;99;75
2000321056;1;2000-03-11;42.06763978216593;-7.8865278109762045;1;32;RAIRIZ DE VEI;4;1;2;165
2000321058;1.41;2000-03-11;42.14727623561087;-7.053504629684111;1;32;VIANA DO BOLO;4;1;2;121
2000321060;1;2000-03-11;42.00222261363197;-7.887101693620103;1;32;PORQUEIRA    ;4;1;2;255
2000321061;2.4;2000-03-11;41.99125633007477;-7.427744859439697;1;32;CASTRELO DO V;4;1;5;205
2000321064;1;2000-03-11;42.25276194264223;-8.163306577641775;0;32;RIBADAVIA    ;4;1;99;85
2000321066;1.5;2000-03-11;42.35373347005982;-7.392780515335401;1;32;CASTRO CALDEL;4;1;99;40
2000321068;1.5;2000-03-11;42.38411708945203;-7.430999435415088;1;32;CASTRO CALDEL;4;1;99;95
2000321069;1.25;2000-03-11;42.13339985046527;-7.845108491660743;1;32;RAIRIZ DE VEI;4;1;2;75
2000321070;3.5;2000-03-11;42.38700077517729;-6.937692738274561;1;32;CARBALLEDA DE;2;1;80;262
2000321072;7;2000-03-11;41.95195836113537;-8.048507278158878;1;32;LOBEIRA      ;4;1;99;90
2000321073;5;2000-03-11;41.91094870075014;-7.828111010798882;1;32;CALVOS DE RAN;4;1;2;130
2000321075;1;2000-03-11;42.188449906492096;-7.4937589269251745;1;32;VILAR DE BARR;4;1;99;100
2000321076;1;2000-03-11;42.25035223775038;-7.675789475551112;1;32;BAÑOS DE MOLG;4;1;99;85
2000321079;5;2000-03-11;41.889170300911125;-8.129934029428778;1;32;LOBIOS       ;4;1;99;195
2000321083;2;2000-03-11;42.33392744661712;-7.509251231578737;1;32;MONTEDERRAMO ;4;1;99;125
2000321084;6.3;2000-03-11;42.320360538366096;-7.4889899714864985;1;32;MONTEDERRAMO ;4;1;99;185
2000321088;10;2000-03-11;41.9572926573408;-8.075251724416168;1;32;LOBIOS       ;4;1;99;210
2000321091;32;2000-03-11;42.126351347927994;-7.949476866167864;1;32;VEREA        ;4;1;1;130
2000321092;325;2000-03-11;41.95406594878674;-7.941512165785968;1;32;MUIÑOS       ;4;1;99;784
2000321093;2;2000-03-11;42.472055835137574;-7.944519551392491;0;32;SAN CRISTOVO ;4;1;99;375
2000321094;1.5;2000-03-11;42.2703016055038;-7.1856377691453055;1;32;MANZANEDA    ;4;1;1;170
2000321095;6.5;2000-03-11;42.05234509718403;-7.907894376180319;1;32;BANDE        ;4;1;99;595
2000321096;2;2000-03-11;41.971800585793545;-7.212830934652407;1;32;RIÓS         ;4;1;2;90
2000321097;6;2000-03-11;41.971800585793545;-7.212830934652407;1;32;RIÓS         ;4;1;2;45
2000321100;4;2000-03-11;42.029577248192254;-8.064999630227524;1;32;LOBEIRA      ;4;1;99;960
2000321178;8;2000-03-11;42.38700077517729;-6.937692738274561;1;32;CARBALLEDA DE;4;1;99;1650
2000321183;20.5;2000-03-11;41.94088493449627;-7.8052338246471225;1;32;BALTAR       ;4;1;2;765
2000360417;8.2;2000-03-11;42.21731946195336;-8.345811744774464;0;36;COVELO       ;4;1;2;133
2000360419;1.5;2000-03-11;42.61140878909735;-8.150429520204503;0;36;LALÍN        ;4;1;99;120
2000360427;4;2000-03-11;42.555335203957185;-8.301447534032661;0;36;FORCAREI     ;4;1;1;335
2000360428;2;2000-03-11;42.34484543574419;-8.393484033820789;0;36;FORNELOS DE M;4;1;1;110
2000360430;2.5;2000-03-11;42.250215909197664;-8.437469513823446;0;36;MONDARIZ     ;4;1;10;245
2000360433;2;2000-03-11;42.74506052394206;-7.971390160948375;0;36;AGOLADA      ;4;1;1;130
2000360434;9.5;2000-03-11;42.62039592362422;-7.96207307899437;0;36;RODEIRO      ;4;1;1;315
2000360437;1;2000-03-11;42.1134078120026;-8.341861606926889;0;36;ARBO         ;4;1;1;140
2000360438;3;2000-03-11;42.485948002815626;-8.500505935728881;0;36;CERDEDO      ;2;1;90;205
2000360441;10;2000-03-11;42.59302385831207;-8.50867048009216;0;36;CUNTIS       ;2;1;30;250
2000360446;3.5;2000-03-11;42.570861630279865;-8.017496741751662;0;36;DOZÓN        ;4;1;1;225
2000360450;1.5;2000-03-11;42.14910424584733;-8.422039670351905;0;36;SALVATERRA DE;4;1;10;130
2000360466;2;2000-03-11;42.46684826729403;-8.512016176254336;0;36;COTOBADE     ;4;1;4;175
2000360476;15.5;2000-03-11;42.14776609808694;-8.481682538080193;0;36;PONTEAREAS   ;4;1;10;165
2000360477;4;2000-03-11;42.325884062896044;-8.490575127624426;0;36;FORNELOS DE M;4;1;1;205
2000360486;1;2000-03-11;42.26870734442604;-8.44112189468983;0;36;MONDARIZ     ;4;1;1;95
2000150267;1;2000-03-12;43.25021128916391;-8.244502606243223;1;15;VAL DO DUBRA ;4;1;99;185
2000150268;15;2000-03-12;43.21592283592548;-8.278180274720409;1;15;SANTA COMBA  ;4;1;99;390
2000150271;1.4;2000-03-12;43.237481559292;-8.250411546523024;1;15;SANTA COMBA  ;4;1;99;85
2000150281;6;2000-03-12;43.2293339565258;-8.294560429252096;1;15;MONFERO      ;4;1;10;225
2000150283;3.3;2000-03-12;43.21592283592548;-8.278180274720409;1;15;MONFERO      ;4;0;99;215
2000270239;4.5;2000-03-12;43.28825877123971;-7.71489916040004;1;27;VILALBA      ;4;1;99;160
2000270240;10.5;2000-03-12;42.651720919894856;-7.058181119598196;1;27;PEDRAFITA DO ;4;1;99;355
2000270242;1.5;2000-03-12;42.41132722610078;-7.5232924471128575;0;27;SOBER        ;4;1;1;135
2000270244;2;2000-03-12;42.71622835482443;-7.258256458964733;1;27;SAMOS        ;4;0;99;260
2000270245;24.6;2000-03-12;42.811003649216424;-6.931251984982199;1;27;CERVANTES    ;4;1;99;595
2000270247;1.5;2000-03-12;42.86182042035606;-6.897766452361717;1;27;CERVANTES    ;4;1;99;245
2000270249;5;2000-03-12;43.484733093487336;-7.623572188327193;1;27;MURAS        ;4;0;99;210
2000270250;33;2000-03-12;42.811003649216424;-6.931251984982199;1;27;CERVANTES    ;4;0;99;355
2000270256;5;2000-03-12;42.651720919894856;-7.058181119598196;1;27;PEDRAFITA DO ;4;1;99;270
2000270258;3.4;2000-03-12;42.76989233905057;-6.984554879130087;1;27;CERVANTES    ;4;1;99;160
2000270259;2.5;2000-03-12;42.775053043177905;-6.954647513061564;1;27;CERVANTES    ;4;1;99;305
2000270523;23;2000-03-12;42.811003649216424;-6.931251984982199;1;27;CERVANTES    ;4;1;99;425
2000321106;10;2000-03-12;42.43562056180993;-8.271019811375744;0;32;AVIÓN        ;4;1;99;155
2000321109;2.5;2000-03-12;42.438983395676836;-7.848083962197421;0;32;COLES        ;4;1;99;155
2000321110;2;2000-03-12;41.95298564847306;-7.724494458615514;1;32;BALTAR       ;4;1;1;95
2000321112;5;2000-03-12;41.84917623122422;-8.105950228454276;1;32;LOBIOS       ;4;1;99;200
2000321113;22;2000-03-12;42.30322482499745;-7.518856607446349;1;32;MONTEDERRAMO ;4;1;2;285
2000321116;1;2000-03-12;42.143626333943864;-7.744369565057981;1;32;SANDIÁS      ;4;1;1;65
2000321118;3;2000-03-12;41.93669221643745;-7.243629414453532;1;32;VILARDEVÓS   ;4;1;2;125
2000321119;7;2000-03-12;42.17009700269919;-7.09262258851801;1;32;VIANA DO BOLO;4;1;2;340
2000321122;2;2000-03-12;42.181714611709;-7.016703935445723;1;32;VIANA DO BOLO;4;1;2;235
2000321124;4;2000-03-12;41.93846290140443;-8.114487151096968;1;32;ENTRIMO      ;4;1;99;55
2000321127;4;2000-03-12;42.278965545233994;-7.590516199784192;1;32;MACEDA       ;4;1;99;85
2000321130;4;2000-03-12;41.89428234844633;-7.945682342998868;1;32;MUIÑOS       ;4;1;99;410
2000321138;1.5;2000-03-12;42.37694091233452;-7.550102370047776;1;32;PARADA DE SIL;4;1;4;95
2000321140;3.5;2000-03-12;42.363965608105595;-7.520660643858721;1;32;PARADA DE SIL;4;1;1;40
2000321144;14;2000-03-12;42.42334859967466;-7.336669534628149;1;32;SAN XOAN DE R;4;1;4;420
2000321146;2;2000-03-12;41.93669221643745;-7.243629414453532;1;32;VILARDEVÓS   ;4;1;2;130
2000321147;5;2000-03-12;42.36717131525823;-8.20649752248348;0;32;CARBALLEDA DE;4;1;99;222
2000321148;4;2000-03-12;41.94964153600314;-7.1964753505981305;1;32;RIÓS         ;4;1;2;135
2000321149;2.5;2000-03-12;41.971800585793545;-7.212830934652407;1;32;RIÓS         ;4;1;2;165
2000321150;1;2000-03-12;42.50370272080542;-7.88161456668911;0;32;VILAMARÍN    ;4;1;99;105
2000321154;2.5;2000-03-12;42.38503786620183;-7.35472481991695;1;32;CASTRO CALDEL;4;1;1;20
2000321160;3;2000-03-12;42.31977825495819;-6.84825964645511;1;32;CARBALLEDA DE;4;1;5;425
2000321163;1.5;2000-03-12;42.394530825763134;-8.155042548559504;0;32;LEIRO        ;4;1;99;95
2000321165;1;2000-03-12;41.94088493449627;-7.8052338246471225;1;32;BALTAR       ;4;1;1;115
2000321166;2;2000-03-12;42.38972927597707;-7.373614958021684;1;32;CASTRO CALDEL;4;1;1;100
2000321172;2.5;2000-03-12;42.38503786620183;-7.35472481991695;1;32;CASTRO CALDEL;4;1;1;105
2000321179;17;2000-03-12;42.26668824045251;-7.491945924845582;1;32;MONTEDERRAMO ;4;1;99;845
2000321180;9.5;2000-03-12;42.320360538366096;-7.4889899714864985;1;32;MONTEDERRAMO ;4;1;2;865
2000321193;24;2000-03-12;42.114404249260666;-8.027610172228155;1;32;VEREA        ;4;1;1;1245
2000321244;35;2000-03-12;42.357992748371366;-7.365363316930147;1;32;CASTRO CALDEL;6;0;0;1155
2000360505;1.5;2000-03-12;42.187914085175784;-8.195800089092899;0;36;CRECENTE     ;4;1;10;175
2000360532;5;2000-03-12;42.22473787681492;-8.197459358961952;0;36;CRECENTE     ;4;1;5;100
2000360534;1;2000-03-12;42.583390552210005;-8.194681163345484;0;36;LALÍN        ;4;1;1;200
2000150298;1.3;2000-03-13;43.193355873298;-8.276575600807455;1;15;MAZARICOS    ;4;1;99;75
2000150315;3;2000-03-13;43.229092993263215;-8.256511500166487;1;15;FRADES       ;4;1;1;420
2000150318;1.5;2000-03-13;43.193355873298;-8.276575600807455;1;15;VAL DO DUBRA ;4;1;5;145
2000150325;1.4;2000-03-13;43.2293339565258;-8.294560429252096;1;15;CERCEDA      ;4;1;1;335
2000150329;1.5;2000-03-13;43.2293339565258;-8.294560429252096;1;15;CARNOTA      ;4;1;99;346
2000150330;2.7;2000-03-13;43.21035267562286;-8.30052833385147;1;15;LOUSAME      ;4;1;3;350
2000270260;6.01;2000-03-13;43.333484674364364;-7.618075021972219;1;27;VILALBA      ;4;1;99;335
2000270261;7;2000-03-13;43.463426756377984;-7.75202525141732;1;27;MURAS        ;4;0;99;300
2000270263;1.5;2000-03-13;43.25313628589105;-7.665720740887012;1;27;VILALBA      ;4;1;99;135
2000270266;1;2000-03-13;42.95546262425882;-6.979316322706245;1;27;NAVIA DE SUAR;4;1;99;70
2000270273;10;2000-03-13;43.31834948864204;-7.751274490814217;1;27;VILALBA      ;4;1;99;295
2000270274;1;2000-03-13;42.91130678334081;-7.6217639853631765;1;27;GUNTÍN       ;4;1;99;60
2000270275;5;2000-03-13;42.775053043177905;-6.954647513061564;1;27;CERVANTES    ;4;1;99;185
2000270279;1.5;2000-03-13;43.0556852600079;-7.315796414752137;1;27;CASTROVERDE  ;4;1;99;110
2000270280;5;2000-03-13;43.54348418149553;-7.739828574495255;1;27;MURAS        ;5;0;0;225
2000321188;1;2000-03-13;42.405641542259694;-8.216402547164003;0;32;AVIÓN        ;4;1;99;150
2000321189;4;2000-03-13;42.108986815499584;-7.901358791279963;1;32;VEREA        ;4;1;99;105
2000321191;15;2000-03-13;42.42334859967466;-7.336669534628149;1;32;SAN XOAN DE R;4;0;5;405
2000321194;5;2000-03-13;42.36325668185883;-8.24921934654944;0;32;AVIÓN        ;4;1;99;300
2000321195;3;2000-03-13;42.38290651033391;-8.183705232186618;1;32;LEIRO        ;4;1;99;255
2000321196;1.5;2000-03-13;42.108986815499584;-7.901358791279963;1;32;VEREA        ;4;1;1;105
2000321202;4;2000-03-13;42.1335978585592;-8.02244035338348;1;32;CELANOVA     ;4;1;1;150
2000321203;7;2000-03-13;42.39465312732102;-8.24104573485085;0;32;AVIÓN        ;4;1;99;360
2000321204;2.5;2000-03-13;42.302232917144764;-7.355572742845387;1;32;CHANDREXA DE ;4;0;1;150
2000321206;1.2;2000-03-13;42.18951906476686;-7.107624242825716;1;32;VIANA DO BOLO;4;1;2;148
2000321212;7;2000-03-13;42.10390025628762;-8.064126013924989;1;32;VEREA        ;4;1;2;85
2000321213;1;2000-03-13;42.482167074562234;-7.997116055119163;0;32;PIÑOR        ;4;1;99;90
2000321215;1.5;2000-03-13;42.31083766232413;-8.243786779787444;0;32;MELÓN        ;4;1;99;102
2000321217;2.7;2000-03-13;42.244403604435846;-7.373705407778349;1;32;CHANDREXA DE ;4;0;2;30
2000321221;1.2;2000-03-13;42.0947333855726;-7.057627835921218;1;32;VIANA DO BOLO;4;1;2;108
2000321224;2.73;2000-03-13;42.337294589024545;-7.464817093826244;1;32;MONTEDERRAMO ;4;1;99;55
2000321229;5.5;2000-03-13;42.36858698737171;-6.86988655923539;1;32;CARBALLEDA DE;2;1;20;255
2000321230;2.8;2000-03-13;42.03454506067291;-7.619186292637159;1;32;TRASMIRAS    ;4;1;99;225
2000321237;4;2000-03-13;42.188446662411394;-7.548690506238507;1;32;VILAR DE BARR;4;1;99;180
2000360537;2.55;2000-03-13;42.64395037671244;-8.238478373035411;0;36;SILLEDA      ;4;1;99;180
2000360541;1.2;2000-03-13;42.27165303687594;-8.530385785401128;0;36;PAZOS DE BORB;4;1;1;110
2000360549;1.8;2000-03-13;42.397866295805834;-8.497672606000851;0;36;PONTE CALDELA;4;1;2;155
2000150339;2;2000-03-14;43.25021128916391;-8.244502606243223;1;15;AMES         ;4;1;99;245
2000150351;1;2000-03-14;43.25012219015811;-8.272430205536436;1;15;FRADES       ;4;1;2;310
2000150354;38;2000-03-14;43.21035267562286;-8.30052833385147;1;15;LOUSAME      ;4;1;99;465
2000270281;5.05;2000-03-14;42.888922039787076;-7.747298307744648;1;27;MONTERROSO   ;4;1;99;170
2000270284;4.09;2000-03-14;43.35282850554523;-7.8600054861304445;1;27;XERMADE      ;4;1;99;180
2000270287;1;2000-03-14;43.006712364772575;-7.857912198669336;1;27;FRIOL        ;4;1;99;145
2000270290;6;2000-03-14;42.474828955039364;-7.413799237396629;0;27;MONFORTE DE L;5;0;0;270
2000270291;2.55;2000-03-14;42.79967194830277;-7.013927011921078;1;27;CERVANTES    ;2;1;90;190
2000270294;1;2000-03-14;43.26061386608271;-7.515504249264089;1;27;COSPEITO     ;4;1;99;55
2000270297;1;2000-03-14;42.864854018066325;-7.258624454613383;1;27;BARALLA      ;4;1;99;110
2000270298;1.52;2000-03-14;43.351872425515644;-7.794008803661101;1;27;XERMADE      ;4;1;99;85
2000270299;1;2000-03-14;43.484733093487336;-7.623572188327193;1;27;MURAS        ;4;0;99;149
2000270301;6;2000-03-14;42.734039442629076;-7.20225004453344;1;27;TRIACASTELA  ;2;1;20;255
2000321246;1;2000-03-14;42.219177301985525;-7.161441289913397;1;32;VIANA DO BOLO;4;1;2;75
2000321248;1.5;2000-03-14;42.21769527697113;-7.201441235692112;1;32;VILARIÑO DE C;4;1;2;85
2000321252;5.5;2000-03-14;42.239270448425955;-7.177304248981085;1;32;VIANA DO BOLO;4;1;2;200
2000321253;2;2000-03-14;41.92359457682001;-7.864928052463569;1;32;CALVOS DE RAN;4;1;99;180
2000321256;8.02;2000-03-14;42.296521335114825;-7.482123947576794;1;32;MONTEDERRAMO ;4;1;99;245
2000321261;14;2000-03-14;42.21269567506242;-7.6348893906407405;1;32;BAÑOS DE MOLG;4;1;99;365
2000321262;1.6;2000-03-14;41.95351007447189;-7.272317497661602;1;32;RIÓS         ;4;1;4;230
2000321264;3;2000-03-14;42.26262955870127;-7.376740879823416;1;32;CHANDREXA DE ;4;1;99;220
2000321265;1.5;2000-03-14;42.44428132139442;-6.880758608916659;1;32;RUBIÁ        ;2;1;80;140
2000321267;6;2000-03-14;41.89428234844633;-7.945682342998868;1;32;MUIÑOS       ;4;1;2;400
2000321268;1.2;2000-03-14;42.00211732525721;-7.480521413526221;1;32;MONTERREI    ;4;1;99;135
2000321270;4.5;2000-03-14;42.16996625054906;-7.145603868905765;1;32;VIANA DO BOLO;4;1;2;190
2000321272;1.5;2000-03-14;42.07383605393469;-7.8662801124828015;1;32;RAIRIZ DE VEI;4;1;99;150
2000321275;2.7;2000-03-14;41.923469379658556;-8.184124736819939;1;32;ENTRIMO      ;4;1;2;100
2000321276;2.5;2000-03-14;42.219177301985525;-7.161441289913397;1;32;VIANA DO BOLO;4;1;2;107
2000321279;2.5;2000-03-14;42.0947333855726;-7.057627835921218;1;32;VIANA DO BOLO;4;1;99;119
2000321282;1.5;2000-03-14;41.98290989835755;-7.9972384264417045;1;32;BANDE        ;4;1;1;75
2000321284;1;2000-03-14;42.126351347927994;-7.949476866167864;1;32;VEREA        ;4;1;1;65
2000321292;1.03;2000-03-14;42.244403604435846;-7.373705407778349;1;32;CHANDREXA DE ;4;0;2;50
2000321302;2.2;2000-03-14;42.225081265860815;-7.548530121923106;1;32;MACEDA       ;4;1;99;135
2000321309;2;2000-03-14;42.4667434542906;-8.036045585299325;0;32;SAN CRISTOVO ;4;1;99;135
2000321310;1;2000-03-14;42.41003556299112;-7.434290936917684;1;32;CASTRO CALDEL;4;0;1;100
2000321314;1.5;2000-03-14;42.216282338151125;-8.027502554812987;1;32;CARTELLE     ;5;0;0;120
2000321315;9;2000-03-14;42.17008650196489;-7.285901769264049;1;32;VILARIÑO DE C;4;1;2;365
2000321316;1;2000-03-14;42.113542596874495;-8.18021565001109;1;32;PADRENDA     ;5;0;0;80
2000321318;2;2000-03-14;42.337294589024545;-7.464817093826244;1;32;MONTEDERRAMO ;4;0;2;190
2000321320;1;2000-03-14;41.96327608414234;-7.979915625919607;1;32;MUIÑOS       ;4;1;1;145
2000321321;3;2000-03-14;42.113372527383966;-7.103178850076836;1;32;VIANA DO BOLO;4;1;99;375
2000360585;3.5;2000-03-14;42.401063085453806;-8.563797426932787;0;36;PONTE CALDELA;5;0;0;300
2000360591;1.5;2000-03-14;42.68601614240685;-7.925080202720934;0;36;RODEIRO      ;4;1;1;120
2000360600;96;2000-03-14;42.2331028366315;-8.373238749666525;0;36;COVELO       ;5;0;0;625
2000150373;5;2000-03-15;43.193355873298;-8.276575600807455;1;15;SANTA COMBA  ;4;1;2;340
2000150377;2.04;2000-03-15;43.215179482465054;-8.246683489777162;1;15;DUMBRÍA      ;4;1;2;130
2000150378;3;2000-03-15;43.21035267562286;-8.30052833385147;1;15;LOUSAME      ;4;1;99;200
2000150387;5;2000-03-15;43.21035267562286;-8.30052833385147;1;15;RIANXO       ;4;1;99;285
2000150390;1;2000-03-15;43.16295703448014;-8.33001399067611;1;15;ABEGONDO     ;2;1;30;165
2000150396;1;2000-03-15;43.18683077861371;-8.319686649410995;1;15;TOQUES       ;4;1;2;135
2000150404;1.1;2000-03-15;43.222687632712955;-8.318179877807538;1;15;ORTIGUEIRA   ;4;1;99;155
2000150407;1;2000-03-15;43.215179482465054;-8.246683489777162;1;15;ARANGA       ;4;1;2;110
2000150408;1.1;2000-03-15;43.21592283592548;-8.278180274720409;1;15;CERCEDA      ;4;1;2;140
2000150409;1.5;2000-03-15;43.26698595958046;-8.27496488491917;1;15;OUTES        ;4;1;99;140
2000150411;3;2000-03-15;43.2293339565258;-8.294560429252096;1;15;MONFERO      ;4;1;99;145
2000150412;3.5;2000-03-15;43.215179482465054;-8.246683489777162;1;15;RIBEIRA      ;4;1;10;435
2000270303;1.5;2000-03-15;42.734039442629076;-7.20225004453344;1;27;TRIACASTELA  ;4;1;99;265
2000270304;38;2000-03-15;42.612035340762965;-7.189190451627719;0;27;FOLGOSO DO CO;4;0;99;740
2000270305;35.5;2000-03-15;42.67973415504202;-7.050120048224166;1;27;PEDRAFITA DO ;4;1;99;460
2000270306;1.5;2000-03-15;42.775053043177905;-6.954647513061564;1;27;CERVANTES    ;4;1;99;140
2000270308;1;2000-03-15;43.23195802097251;-7.583389959446968;1;27;COSPEITO     ;4;0;99;130
2000270319;2;2000-03-15;42.94316489626337;-6.972854899144296;1;27;NAVIA DE SUAR;4;1;99;95
2000270320;2;2000-03-15;43.28531452193077;-7.857458515040903;1;27;GUITIRIZ     ;4;1;99;100
2000270323;63.599999999999994;2000-03-15;42.626373133475234;-7.056372473319341;0;27;FOLGOSO DO CO;4;1;4;1160
2000270324;3;2000-03-15;42.76989233905057;-6.984554879130087;1;27;CERVANTES    ;4;1;99;240
2000270513;2.5;2000-03-15;43.006712364772575;-7.857912198669336;1;27;FRIOL        ;4;1;99;115
2000321323;8;2000-03-15;41.94303695387247;-7.9206675120901755;1;32;MUIÑOS       ;4;1;99;95
2000321324;3;2000-03-15;42.32124524241107;-7.415111937115861;1;32;CHANDREXA DE ;4;0;2;100
2000321325;9.5;2000-03-15;42.33364311583235;-8.289276642902193;0;32;AVIÓN        ;4;1;99;275
2000321344;1;2000-03-15;42.062662685388716;-7.285942681788118;1;32;CASTRELO DO V;4;1;1;115
2000321353;8;2000-03-15;42.302232917144764;-7.355572742845387;1;32;CHANDREXA DE ;4;1;1;110
2000321356;3;2000-03-15;42.48167943699068;-6.8680723601650095;1;32;RUBIÁ        ;4;1;99;230
2000321368;2.5;2000-03-15;42.0620051347067;-8.038308818041143;1;32;BANDE        ;4;1;2;205
2000321374;3;2000-03-15;42.2565992930046;-8.196843847365574;0;32;MELÓN        ;4;1;99;240
2000360617;1;2000-03-15;42.60033101180734;-8.197552043857769;0;36;LALÍN        ;4;1;99;140
2000360625;3;2000-03-15;42.7595768780345;-7.984357437387352;0;36;AGOLADA      ;4;1;2;135
2000360626;2;2000-03-15;42.67491522212965;-8.253242671554112;1;36;CUNTIS       ;2;1;20;245
2000360635;3.5;2000-03-15;42.703042244828566;-8.197897210985277;0;36;LALÍN        ;4;1;1;200
2000360639;1.5;2000-03-15;42.07630190756244;-8.68627073718517;0;36;TUI          ;5;0;0;160
2000360640;2.5;2000-03-15;42.24050149062183;-8.369777800878879;0;36;COVELO       ;4;1;1;160
2000360658;1;2000-03-15;42.53078553443928;-8.339234621068835;1;36;FORCAREI     ;4;1;1;155
2000360661;1.8;2000-03-15;42.161226885516434;-8.778750930879841;1;36;NIGRÁN       ;4;1;99;150
2000150414;2;2000-03-16;42.94889770287639;-8.044340715089039;1;15;SANTIAGO DE C;4;1;1;185
2000150421;2.2;2000-03-16;43.2293339565258;-8.294560429252096;1;15;CEE          ;4;1;99;340
2000150424;36;2000-03-16;43.237481559292;-8.250411546523024;1;15;LOUSAME      ;4;1;99;735
2000150437;1.2;2000-03-16;43.229092993263215;-8.256511500166487;1;15;MESÍA        ;4;1;2;390
2000150439;1.06;2000-03-16;43.237481559292;-8.250411546523024;1;15;ORDES        ;4;1;1;170
2000150440;1.7000000000000002;2000-03-16;42.94889770287639;-8.044340715089039;1;15;SANTIAGO DE C;4;1;1;115
2000150443;60;2000-03-16;43.207709182624356;-8.27086641837465;1;15;NEGREIRA     ;4;1;99;1170
2000150444;2.1;2000-03-16;43.21592283592548;-8.278180274720409;1;15;MOECHE       ;4;1;99;170
2000150454;1;2000-03-16;43.21592283592548;-8.278180274720409;1;15;CERCEDA      ;4;1;2;90
2000150456;1;2000-03-16;43.25012219015811;-8.272430205536436;1;15;MAZARICOS    ;4;1;1;130
2000150457;1;2000-03-16;43.222687632712955;-8.318179877807538;1;15;CARRAL       ;4;1;99;130
2000150459;2.6;2000-03-16;43.222687632712955;-8.318179877807538;1;15;ORTIGUEIRA   ;4;1;2;131
2000150460;1.5;2000-03-16;43.21592283592548;-8.278180274720409;1;15;MONFERO      ;5;0;0;145
2000150463;1;2000-03-16;43.25021128916391;-8.244502606243223;1;15;OUTES        ;4;1;99;115
2000150465;1.5;2000-03-16;43.237481559292;-8.250411546523024;1;15;MONFERO      ;4;0;99;120
2000150466;1.8;2000-03-16;43.21035267562286;-8.30052833385147;1;15;BOIRO        ;4;1;99;275
2000150467;6;2000-03-16;43.2293339565258;-8.294560429252096;1;15;CEE          ;4;1;99;415
2000150468;10;2000-03-16;43.215179482465054;-8.246683489777162;1;15;VALDOVIÑO    ;4;1;99;360
2000150469;8;2000-03-16;43.21035267562286;-8.30052833385147;1;15;BOIRO        ;4;1;99;565
2000270325;2.5;2000-03-16;42.53952806379854;-7.743663395050623;1;27;CARBALLEDO   ;4;0;5;320
2000270328;1.5;2000-03-16;42.99122402677762;-7.145986302809791;1;27;BALEIRA      ;5;0;0;240
2000270331;10;2000-03-16;42.53952806379854;-7.743663395050623;1;27;CARBALLEDO   ;4;1;99;435
2000270332;2;2000-03-16;42.58894046796187;-7.142369656595362;0;27;FOLGOSO DO CO;4;1;4;125
2000270333;8;2000-03-16;43.31482185225077;-7.691069668593695;1;27;VILALBA      ;4;1;99;255
2000270334;2.5;2000-03-16;42.867706696044316;-7.931214412947273;1;27;PALAS DE REI ;5;0;0;95
2000270335;10;2000-03-16;42.858357297601835;-7.976322608150475;1;27;PALAS DE REI ;4;1;99;120
2000270336;2.5;2000-03-16;42.974974051032504;-7.27222229318535;1;27;CASTROVERDE  ;5;0;0;165
2000270338;1;2000-03-16;42.85651486581219;-7.887894019917789;1;27;PALAS DE REI ;5;0;0;80
2000270342;1.5;2000-03-16;43.54348418149553;-7.739828574495255;1;27;MURAS        ;4;0;99;115
2000270343;2;2000-03-16;42.93130803518079;-7.618867060022774;1;27;GUNTÍN       ;4;1;99;130
2000270348;2;2000-03-16;43.37156358923509;-7.817144717064655;1;27;XERMADE      ;4;1;99;60
2000270349;7;2000-03-16;42.775053043177905;-6.954647513061564;1;27;CERVANTES    ;4;1;99;360
2000321380;2;2000-03-16;42.13765846330002;-7.014135118712866;1;32;VIANA DO BOLO;4;1;2;120
2000321393;3;2000-03-16;41.971800585793545;-7.212830934652407;1;32;RIÓS         ;4;1;2;190
2000321394;1;2000-03-16;41.971800585793545;-7.212830934652407;1;32;RIÓS         ;4;1;2;175
2000321395;1.5;2000-03-16;42.247705241906964;-7.26709823814559;1;32;MANZANEDA    ;4;1;1;200
2000321397;2;2000-03-16;42.0878414412861;-7.79818753170356;1;32;VILAR DE SANT;4;1;99;95
2000321399;1;2000-03-16;41.98290989835755;-7.9972384264417045;1;32;BANDE        ;4;1;19;95
2000321404;2;2000-03-16;42.283668154640445;-7.350925481157945;1;32;CHANDREXA DE ;4;1;2;60
2000321408;2.5;2000-03-16;42.0620051347067;-8.038308818041143;1;32;BANDE        ;4;1;1;245
2000321411;1;2000-03-16;42.378364577284174;-7.414793470901316;1;32;CASTRO CALDEL;4;1;99;170
2000321414;15;2000-03-16;42.337294589024545;-7.464817093826244;1;32;MONTEDERRAMO ;4;1;2;330
2000321415;5;2000-03-16;41.84917623122422;-8.105950228454276;1;32;LOBIOS       ;4;1;99;155
2000321424;1.2;2000-03-16;42.020824798340776;-7.29654839260349;1;32;RIÓS         ;4;1;1;85
2000321429;3;2000-03-16;42.04241134213714;-7.8205630421373975;1;32;PORQUEIRA    ;4;1;2;35
2000321431;3;2000-03-16;42.25974392791591;-8.259675765345168;0;32;MELÓN        ;4;1;99;125
2000321655;35;2000-03-16;41.83739419656161;-8.00994722388863;0;32;LOBIOS       ;2;1;90;420
2000360684;11;2000-03-16;42.566692655397425;-8.53643464562557;0;36;CAMPO LAMEIRO;2;1;10;530
2000360685;3;2000-03-16;42.4445208034239;-8.450551631227766;1;36;COTOBADE     ;5;0;0;180
2000360707;1.2;2000-03-16;42.46363102449978;-8.630122854009894;1;36;PONTEVEDRA   ;4;1;1;325
2000360727;1.2;2000-03-16;42.600908427648434;-8.021384092255232;1;36;DOZÓN        ;4;1;99;86
2000360728;1.3;2000-03-16;42.600908427648434;-8.021384092255232;1;36;DOZÓN        ;4;1;1;98
2000360734;3.5;2000-03-16;42.22204502264461;-8.375275984146777;1;36;COVELO       ;4;1;10;210
2000150471;1;2000-03-17;43.26698595958046;-8.27496488491917;1;15;CERCEDA      ;4;1;1;90
2000150472;7;2000-03-17;43.237481559292;-8.250411546523024;1;15;DUMBRÍA      ;4;1;99;35
2000150475;1.5;2000-03-17;43.229092993263215;-8.256511500166487;1;15;FRADES       ;4;1;1;135
2000150483;11;2000-03-17;43.201826010327586;-8.329231845372915;1;15;SANTIAGO DE C;4;1;1;400
2000150488;1.06;2000-03-17;43.26698595958046;-8.27496488491917;1;15;CERCEDA      ;2;0;10;170
2000150489;1;2000-03-17;43.21035267562286;-8.30052833385147;1;15;BOIRO        ;4;1;99;210
2000150495;1.1;2000-03-17;43.222687632712955;-8.318179877807538;1;15;SANTA COMBA  ;4;1;99;115
2000150496;2.3;2000-03-17;43.26698595958046;-8.27496488491917;1;15;CABANA DE BER;4;1;99;125
2000150498;1.1;2000-03-17;43.26698595958046;-8.27496488491917;1;15;CAMBRE       ;5;0;0;130
2000150500;1.8;2000-03-17;43.2293339565258;-8.294560429252096;1;15;VIMIANZO     ;4;1;1;165
2000150505;1;2000-03-17;43.26698595958046;-8.27496488491917;1;15;PONTECESO    ;4;1;99;210
2000150506;29;2000-03-17;43.18683077861371;-8.319686649410995;1;15;ROIS         ;4;1;99;700
2000150507;2.5;2000-03-17;43.21035267562286;-8.30052833385147;1;15;ARANGA       ;4;1;2;325
2000150508;1.5;2000-03-17;43.25021128916391;-8.244502606243223;1;15;TEO          ;4;1;2;425
2000150509;1.01;2000-03-17;43.237481559292;-8.250411546523024;1;15;SANTIAGO DE C;4;1;2;110
2000150511;4;2000-03-17;43.25012219015811;-8.272430205536436;1;15;VIMIANZO     ;4;1;99;250
2000150523;1.05;2000-03-17;43.215179482465054;-8.246683489777162;1;15;CERCEDA      ;4;1;2;120
2000150525;2;2000-03-17;43.2293339565258;-8.294560429252096;1;15;MONFERO      ;4;1;1;195
2000150529;4.5;2000-03-17;43.2293339565258;-8.294560429252096;1;15;MONFERO      ;4;1;10;230
2000150530;1.16;2000-03-17;43.193355873298;-8.276575600807455;1;15;SANTA COMBA  ;4;1;4;279
2000150531;2;2000-03-17;43.2293339565258;-8.294560429252096;1;15;MONFERO      ;4;1;10;225
2000150532;1.1;2000-03-17;43.2293339565258;-8.294560429252096;1;15;MONFERO      ;4;1;7;216
2000270350;1;2000-03-17;42.734039442629076;-7.20225004453344;1;27;TRIACASTELA  ;4;1;99;130
2000270351;5;2000-03-17;42.84208061984333;-7.8205179667038;1;27;MONTERROSO   ;5;0;0;145
2000270355;1;2000-03-17;42.90776199638228;-7.822059340384001;1;27;PALAS DE REI ;4;1;99;110
2000270357;2.5;2000-03-17;42.600775241694095;-7.7371308792295865;1;27;CHANTADA     ;4;1;99;140
2000270363;4;2000-03-17;43.484733093487336;-7.623572188327193;1;27;MURAS        ;4;0;99;125
2000270364;2;2000-03-17;42.81899828537541;-7.1600470893898915;1;27;BECERREÁ     ;4;1;99;115
2000270365;2.5;2000-03-17;43.22533601950215;-7.7606862705874615;1;27;GUITIRIZ     ;4;1;99;115
2000270366;1.5;2000-03-17;42.734039442629076;-7.20225004453344;1;27;TRIACASTELA  ;4;1;99;225
2000270369;1;2000-03-17;42.7980314703918;-7.226028502240909;1;27;TRIACASTELA  ;4;1;99;230
2000270381;1.9;2000-03-17;42.99122402677762;-7.145986302809791;1;27;BALEIRA      ;4;1;99;155
2000321436;5;2000-03-17;41.92182804972553;-7.30326083700428;1;32;VILARDEVÓS   ;4;1;1;110
2000321439;3.3;2000-03-17;42.10390025628762;-8.064126013924989;1;32;VEREA        ;4;1;1;255
2000321450;2;2000-03-17;42.1794601981909;-7.1743376098015;1;32;VILARIÑO DE C;4;1;2;207
2000321457;1;2000-03-17;42.33165790769979;-7.383644946909707;1;32;CHANDREXA DE ;4;1;2;150
2000321465;1;2000-03-17;42.47383653850113;-8.258895271012452;0;32;BEARIZ       ;4;1;99;65
2000321466;2;2000-03-17;41.92182804972553;-7.30326083700428;1;32;VILARDEVÓS   ;4;1;1;140
2000321467;3;2000-03-17;41.998838206861976;-7.519043263703297;1;32;MONTERREI    ;4;1;1;150
2000321468;5;2000-03-17;41.971800585793545;-7.212830934652407;1;32;RIÓS         ;4;1;2;420
2000321471;2.5;2000-03-17;42.25035223775038;-7.675789475551112;1;32;BAÑOS DE MOLG;4;1;99;170
2000321474;5.5;2000-03-17;41.998838206861976;-7.519043263703297;1;32;MONTERREI    ;4;1;5;145
2000321480;1.5;2000-03-17;42.3019853463417;-7.3998116948592045;1;32;CHANDREXA DE ;4;1;2;75
2000321481;5.1;2000-03-17;41.97944472817171;-7.328648475515799;1;32;RIÓS         ;4;1;1;340
2000321483;5.02;2000-03-17;41.923662135229094;-7.213415603871462;1;32;VILARDEVÓS   ;4;1;1;205
2000321493;2;2000-03-17;42.320547277315555;-7.545912827846942;1;32;MONTEDERRAMO ;4;1;99;360
2000321500;1;2000-03-17;42.0620051347067;-8.038308818041143;1;32;BANDE        ;4;1;1;170
2000321502;16;2000-03-17;41.84917623122422;-8.105950228454276;1;32;LOBIOS       ;4;1;1;715
2000321503;11;2000-03-17;42.225081265860815;-7.548530121923106;1;32;MACEDA       ;4;1;99;375
2000321512;6;2000-03-17;41.89428234844633;-7.945682342998868;1;32;MUIÑOS       ;4;1;2;1397
2000321543;6;2000-03-17;41.84581797771442;-8.032748224274762;1;32;LOBIOS       ;4;1;1;305
2000321571;98;2000-03-17;41.93846290140443;-8.114487151096968;1;32;ENTRIMO      ;4;1;3;730
2000360746;1.5;2000-03-17;42.66517876797402;-7.9372411118323445;1;36;RODEIRO      ;5;0;0;157
2000360747;8.5;2000-03-17;42.22998667227502;-8.598285505125936;1;36;MOS          ;2;1;90;360
2000360748;3.9;2000-03-17;42.21302668096365;-8.619073625638894;1;36;MOS          ;4;1;1;210
2000360756;2;2000-03-17;42.77968957606185;-8.270762422621958;1;36;VILA DE CRUCE;4;1;10;138
2000360757;1;2000-03-17;42.373376946186504;-8.591494324109162;1;36;PONTEVEDRA   ;5;0;0;275
2000360760;3;2000-03-17;42.68660118128537;-8.090838780686038;1;36;LALÍN        ;4;1;2;165
2000360762;2;2000-03-17;42.23845268707547;-8.443131694701153;1;36;MONDARIZ     ;4;1;10;97
2000360763;2;2000-03-17;42.68660118128537;-8.090838780686038;1;36;LALÍN        ;4;1;2;142
2000360765;3.2;2000-03-17;42.619015573746545;-8.725692508073768;1;36;VILAGARCÍA DE;4;1;10;415
2000360770;20;2000-03-17;42.634760101104824;-8.746369921535653;1;36;VILAGARCÍA DE;4;1;10;385
2000360782;16;2000-03-17;42.619015573746545;-8.725692508073768;1;36;VILAGARCÍA DE;4;1;10;415
2000360786;3;2000-03-17;42.00671943268739;-8.865690791064369;1;36;OIA          ;4;1;1;150
2000360789;10;2000-03-17;42.12367342056343;-8.34541736857836;1;36;ARBO         ;4;1;1;520
2000360796;1;2000-03-17;42.12367342056343;-8.34541736857836;1;36;ARBO         ;4;1;99;120
2000150533;1.03;2000-03-18;43.215179482465054;-8.246683489777162;1;15;CERCEDA      ;4;1;1;135
2000150534;1.6;2000-03-18;43.237481559292;-8.250411546523024;1;15;PORTO DO SON ;4;1;99;155
2000150535;3;2000-03-18;43.237481559292;-8.250411546523024;1;15;ORTIGUEIRA   ;4;1;2;106
2000150541;6;2000-03-18;43.237481559292;-8.250411546523024;1;15;ORTIGUEIRA   ;4;1;2;251
2000150548;1.3;2000-03-18;43.215179482465054;-8.246683489777162;1;15;CERCEDA      ;4;1;1;290
2000150550;3;2000-03-18;43.215179482465054;-8.246683489777162;1;15;RIBEIRA      ;4;1;99;280
2000150554;1;2000-03-18;43.25012219015811;-8.272430205536436;1;15;VIMIANZO     ;4;1;99;135
2000150558;1.1;2000-03-18;43.21592283592548;-8.278180274720409;1;15;MONFERO      ;4;0;99;165
2000150565;2.9;2000-03-18;43.201826010327586;-8.329231845372915;1;15;ZAS          ;4;1;99;180
2000150570;1.15;2000-03-18;43.2293339565258;-8.294560429252096;1;15;MONFERO      ;4;0;1;460
2000150571;1.25;2000-03-18;43.2293339565258;-8.294560429252096;1;15;MONFERO      ;4;0;99;295
2000150572;6;2000-03-18;43.18683077861371;-8.319686649410995;1;15;VEDRA        ;4;1;2;435
2000150574;1;2000-03-18;43.25021128916391;-8.244502606243223;1;15;TORDOIA      ;4;1;2;135
2000150576;3;2000-03-18;43.2293339565258;-8.294560429252096;1;15;MONFERO      ;2;0;90;245
2000150577;1.2;2000-03-18;43.2293339565258;-8.294560429252096;1;15;BOIRO        ;4;1;99;100
2000150578;1.2;2000-03-18;43.193355873298;-8.276575600807455;1;15;SANTA COMBA  ;4;1;2;260
2000150584;1.01;2000-03-18;43.229092993263215;-8.256511500166487;1;15;FRADES       ;4;1;1;165
2000150586;1;2000-03-18;43.21592283592548;-8.278180274720409;1;15;ZAS          ;4;1;99;395
2000150587;2.5;2000-03-18;43.2293339565258;-8.294560429252096;1;15;MAZARICOS    ;4;1;99;295
2000150591;3;2000-03-18;43.237481559292;-8.250411546523024;1;15;ORDES        ;4;1;2;380
2000150592;5;2000-03-18;43.229092993263215;-8.256511500166487;1;15;CARBALLO     ;4;1;99;360
2000150593;68;2000-03-18;43.2293339565258;-8.294560429252096;1;15;MONFERO      ;4;0;99;885
2000150594;1;2000-03-18;43.21035267562286;-8.30052833385147;1;15;MONFERO      ;4;1;2;191
2000150595;1.4;2000-03-18;43.229092993263215;-8.256511500166487;1;15;CARBALLO     ;4;1;99;355
2000150612;3.25;2000-03-18;43.2293339565258;-8.294560429252096;1;15;MONFERO      ;4;0;99;361
2000270372;1;2000-03-18;43.22533601950215;-7.7606862705874615;1;27;GUITIRIZ     ;4;1;99;55
2000270373;32;2000-03-18;42.663586453297555;-7.136970816007378;0;27;FOLGOSO DO CO;4;1;4;1319
2000270375;2;2000-03-18;42.89711651090251;-7.130608886554149;1;27;BECERREÁ     ;4;1;99;140
2000270376;2;2000-03-18;43.315480983564804;-7.806456346727562;1;27;XERMADE      ;4;1;99;160
2000270377;9.5;2000-03-18;42.54691325396006;-7.671989335156551;0;27;PANTÓN       ;5;0;0;1170
2000270379;10;2000-03-18;42.516779725629554;-7.73058235539751;1;27;CARBALLEDO   ;4;1;5;910
2000270382;4.3;2000-03-18;42.67973415504202;-7.050120048224166;1;27;PEDRAFITA DO ;4;1;99;240
2000270383;5;2000-03-18;42.91509718141607;-7.721003066576795;1;27;GUNTÍN       ;4;1;7;255
2000270390;1.01;2000-03-18;42.57269532174619;-7.912677322051305;1;27;CARBALLEDO   ;4;1;1;160
2000270397;6.5;2000-03-18;43.66603721445785;-7.451098108115359;1;27;CERVO        ;4;1;99;415
2000270403;2;2000-03-18;43.220333107022235;-7.527070843987493;1;27;COSPEITO     ;4;1;99;90
2000270406;2;2000-03-18;43.224837476172446;-7.561907869285793;1;27;COSPEITO     ;4;1;99;175
2000270407;1.53;2000-03-18;43.26871028502691;-7.711724769534367;1;27;VILALBA      ;4;1;99;185
2000270408;10;2000-03-18;43.31611589614045;-7.561902491221279;1;27;VILALBA      ;4;1;99;135
2000270411;8;2000-03-18;42.7366926625602;-7.596233246095496;1;27;PARADELA     ;2;1;90;290
2000270415;20;2000-03-18;43.282846902488494;-7.777304585549176;1;27;VILALBA      ;4;1;99;325
2000270416;15;2000-03-18;43.312476630719246;-7.893635100054006;1;27;GUITIRIZ     ;4;1;99;270
2000270417;1.5;2000-03-18;43.28531452193077;-7.857458515040903;1;27;GUITIRIZ     ;4;1;99;85
2000270418;2.1;2000-03-18;43.302849504067574;-7.746857401161572;1;27;VILALBA      ;4;1;99;300
2000270422;32.5;2000-03-18;42.888922039787076;-7.747298307744648;1;27;MONTERROSO   ;5;0;0;395
2000270424;134;2000-03-18;42.610485999194694;-7.86837367843343;1;27;CHANTADA     ;4;1;5;480
2000321506;2.3;2000-03-18;42.363965608105595;-7.520660643858721;1;32;PARADA DE SIL;4;1;5;170
2000321518;1.5;2000-03-18;42.386637933157026;-6.874949131624031;1;32;CARBALLEDA DE;4;1;99;115
2000321522;15;2000-03-18;41.98843720342808;-7.932033537196005;1;32;MUIÑOS       ;4;1;1;245
2000321524;2.33;2000-03-18;42.2703016055038;-7.1856377691453055;1;32;MANZANEDA    ;4;1;2;165
2000321525;1.05;2000-03-18;41.998838206861976;-7.519043263703297;1;32;MONTERREI    ;4;1;1;105
2000321527;5;2000-03-18;42.37751451749254;-6.888544646288632;1;32;CARBALLEDA DE;2;1;20;335
2000321539;2;2000-03-18;41.916913042895885;-7.998670264452225;1;32;MUIÑOS       ;6;1;0;170
2000321541;3.5;2000-03-18;42.30535495575257;-7.553081047095448;1;32;MONTEDERRAMO ;4;1;2;270
2000321544;1.5;2000-03-18;42.02992828281005;-7.8956786121657885;1;32;BANDE        ;4;1;1;90
2000321548;1.5;2000-03-18;41.97490128917157;-7.853685711488644;1;32;CALVOS DE RAN;4;1;2;55
2000321549;2;2000-03-18;41.98843720342808;-7.932033537196005;1;32;MUIÑOS       ;4;1;1;90
2000321558;6.5;2000-03-18;41.84917623122422;-8.105950228454276;1;32;LOBIOS       ;4;1;99;255
2000321564;5;2000-03-18;42.080763127041685;-7.319910489419432;1;32;CASTRELO DO V;4;1;1;170
2000321565;5;2000-03-18;42.01189102764823;-7.801671558346644;1;32;PORQUEIRA    ;4;1;99;105
2000321567;3;2000-03-18;41.95351007447189;-7.272317497661602;1;32;RIÓS         ;4;1;2;185
2000321570;3;2000-03-18;41.9572926573408;-8.075251724416168;1;32;LOBIOS       ;4;1;1;60
2000321755;2.2;2000-03-18;42.113542596874495;-8.18021565001109;1;32;PADRENDA     ;5;0;0;115
2000321760;2;2000-03-18;41.93846290140443;-8.114487151096968;1;32;ENTRIMO      ;2;1;90;320
2000360806;