municipio;lat;lng;url_maps
ABADIN;43.34660661778932;-7.4996355740804335;https://www.google.com/maps?q=...843.34660661778932,-7.4996355740804335
ABEGONDO;43.20414918365819;-8.306368412593898;https://www.google.com/maps?q=...843.20414918365819,-8.306368412593898
AGOLADA;42.78107643166891;-8.052195603496193;https://www.google.com/maps?q=...842.78107643166891,-8.052195603496193
ALFOZ;43.53135915890202;-7.424089622381545;https://www.google.com/maps?q=...843.53135915890202,-7.424089622381545
ALLARIZ;42.20137238652676;-7.813136608443225;https://www.google.com/maps?q=...842.20137238652676,-7.813136608443225
AMES;42.88559213318949;-8.61949934738511;https://www.google.com/maps?q=...842.88559213318949,-8.61949934738511
AMOEIRO;42.39278944003297;-7.912417854827376;https://www.google.com/maps?q=...842.39278944003297,-7.912417854827376
ANTAS DE ULLA;42.76834429765943;-7.907913426075367;https://www.google.com/maps?q=...842.76834429765943,-7.907913426075367
ARANGA;43.23395773717049;-8.029453694848854;https://www.google.com/maps?q=...843.23395773717049,-8.029453694848854
ARBO;42.13384928653794;-8.322471781564278;https://www.google.com/maps?q=...842.13384928653794,-8.322471781564278
ARES;43.45228172721681;-8.291761140709157;https://www.google.com/maps?q=...843.45228172721681,-8.291761140709157
ARTEIXO;43.31067431136755;-8.49972518388418;https://www.google.com/maps?q=...843.31067431136755,-8.49972518388418
ARZUA;42.93015325126144;-8.146579555549492;https://www.google.com/maps?q=...842.93015325126144,-8.146579555549492
AVION;42.37979923051917;-8.271287375121753;https://www.google.com/maps?q=...842.37979923051917,-8.271287375121753
BAIONA;42.109957714376414;-8.856023407585159;https://www.google.com/maps?q=...842.109957714376414,-8.856023407585159
BALEIRA;43.03910507036433;-7.188094272615517;https://www.google.com/maps?q=...843.03910507036433,-7.188094272615517
BALTAR;41.95719265192343;-7.754097237535458;https://www.google.com/maps?q=...841.95719265192343,-7.754097237535458
BANDE;42.045648449944025;-7.9689853147578615;https://www.google.com/maps?q=...842.045648449944025,-7.9689853147578615
BANOS DE MOLGAS;42.23246801525441;-7.675654609384474;https://www.google.com/maps?q=...842.23246801525441,-7.675654609384474
BARALLA;42.89868181044194;-7.244584608137326;https://www.google.com/maps?q=...842.89868181044194,-7.244584608137326
BARBADAS;42.31918965756526;-7.904333882479275;https://www.google.com/maps?q=...842.31918965756526,-7.904333882479275
BARREIROS;43.49176633085179;-7.195818122421446;https://www.google.com/maps?q=...843.49176633085179,-7.195818122421446
BARRO;42.489334039219386;-8.648994680287903;https://www.google.com/maps?q=...842.489334039219386,-8.648994680287903
BEADE;42.33023271265802;-8.134901863357541;https://www.google.com/maps?q=...842.33023271265802,-8.134901863357541
BEARIZ;42.48253638312729;-8.295266560939169;https://www.google.com/maps?q=...842.48253638312729,-8.295266560939169
BECERREA;42.909324184298896;-7.127708371222524;https://www.google.com/maps?q=...842.909324184298896,-7.127708371222524
BEGONTE;43.14745712226887;-7.6742319355946504;https://www.google.com/maps?q=...843.14745712226887,-7.6742319355946504
BERGONDO;43.31744223644728;-8.267161517211667;https://www.google.com/maps?q=...843.31744223644728,-8.267161517211667
BETANZOS;43.27152808302045;-8.23292261291753;https://www.google.com/maps?q=...843.27152808302045,-8.23292261291753
BOBORAS;42.44421306903402;-8.16810828243001;https://www.google.com/maps?q=...842.44421306903402,-8.16810828243001
BOIMORTO;43.01054061204069;-8.119316502784153;https://www.google.com/maps?q=...843.01054061204069,-8.119316502784153
BOIRO;42.70112038923246;-8.887730976324832;https://www.google.com/maps?q=...842.70112038923246,-8.887730976324832
BOQUEIXON-CASANOVA;42.831414462390875;-8.411724134380563;https://www.google.com/maps?q=...842.831414462390875,-8.411724134380563
BOVEDA;42.646746840890444;-7.492192020972682;https://www.google.com/maps?q=...842.646746840890444,-7.492192020972682
BRION;42.84326997955816;-8.714986252157606;https://www.google.com/maps?q=...842.84326997955816,-8.714986252157606
BUEU;42.32681648421821;-8.800001175397904;https://www.google.com/maps?q=...842.32681648421821,-8.800001175397904
BURELA;43.66192928341184;-7.380150294721171;https://www.google.com/maps?q=...843.66192928341184,-7.380150294721171
CABANA DE BERGANTINOS;43.19599260970328;-8.865120669232981;https://www.google.com/maps?q=...843.19599260970328,-8.865120669232981
CABANAS;43.459692740892876;-8.214522223132516;https://www.google.com/maps?q=...843.459692740892876,-8.214522223132516
CALDAS DE REIS;42.610980807673435;-8.673785946399997;https://www.google.com/maps?q=...842.610980807673435,-8.673785946399997
CALVOS DE RANDIN;41.95638425678369;-7.862101085782855;https://www.google.com/maps?q=...841.95638425678369,-7.862101085782855
CAMARINAS;43.16835673523996;-9.101611731264454;https://www.google.com/maps?q=...843.16835673523996,-9.101611731264454
CAMBADOS;42.503891115290784;-8.79723639053952;https://www.google.com/maps?q=...842.503891115290784,-8.79723639053952
CAMBRE;43.276936598368174;-8.325096569959669;https://www.google.com/maps?q=...843.276936598368174,-8.325096569959669
CAMPO LAMEIRO;42.51799906527108;-8.546637393045996;https://www.google.com/maps?q=...842.51799906527108,-8.546637393045996
CANGAS;42.27864140665148;-8.803129031449284;https://www.google.com/maps?q=...842.27864140665148,-8.803129031449284
CARBALLEDA DE AVIA;42.324571107675155;-8.182285427081544;https://www.google.com/maps?q=...842.324571107675155,-8.182285427081544
CARBALLEDA DE VALDEORRAS;42.35826902261327;-6.923134868535652;https://www.google.com/maps?q=...842.35826902261327,-6.923134868535652
CARBALLEDO;42.526947549011545;-7.788470680023216;https://www.google.com/maps?q=...842.526947549011545,-7.788470680023216
CARBALLO;43.20199355325462;-8.664222260209778;https://www.google.com/maps?q=...843.20199355325462,-8.664222260209778
CARINO;43.7497396316899;-7.879165114803612;https://www.google.com/maps?q=...843.7497396316899,-7.879165114803612
CARNOTA;42.85073644466812;-9.090453790498039;https://www.google.com/maps?q=...842.85073644466812,-9.090453790498039
CARRAL;43.206290346489254;-8.358500586794339;https://www.google.com/maps?q=...843.206290346489254,-8.358500586794339
CARTELLE;42.23760542226177;-8.010245464706086;https://www.google.com/maps?q=...842.23760542226177,-8.010245464706086
CASTRELO DE MINO;42.28916606764597;-8.054458927480669;https://www.google.com/maps?q=...842.28916606764597,-8.054458927480669
CASTRELO DO VAL;42.05499276544971;-7.358143933905853;https://www.google.com/maps?q=...842.05499276544971,-7.358143933905853
CASTRO CALDELAS;42.37262975041858;-7.403740793717336;https://www.google.com/maps?q=...842.37262975041858,-7.403740793717336
CASTRO DE REI;43.16777126459176;-7.4566000898477895;https://www.google.com/maps?q=...843.16777126459176,-7.4566000898477895
CASTROVERDE;43.034790948806595;-7.327819559936646;https://www.google.com/maps?q=...843.034790948806595,-7.327819559936646
CATOIRA;42.65645143829202;-8.71115988736719;https://www.google.com/maps?q=...842.65645143829202,-8.71115988736719
CEDEIRA;43.691102453442035;-8.041462062644944;https://www.google.com/maps?q=...843.691102453442035,-8.041462062644944
CEE;42.99095532228923;-9.073544799092003;https://www.google.com/maps?q=...842.99095532228923,-9.073544799092003
CELANOVA;42.17117832565519;-7.926987442855448;https://www.google.com/maps?q=...842.17117832565519,-7.926987442855448
CENLLE;42.34901979321002;-8.067621323027886;https://www.google.com/maps?q=...842.34901979321002,-8.067621323027886
CERCEDA;43.175530223776875;-8.490501064055175;https://www.google.com/maps?q=...843.175530223776875,-8.490501064055175
CERDEDO;42.53796871325989;-8.414948973746386;https://www.google.com/maps?q=...842.53796871325989,-8.414948973746386
CERDIDO;43.60804607856763;-7.974133367813052;https://www.google.com/maps?q=...843.60804607856763,-7.974133367813052
CERVANTES;42.798643400680085;-6.974596291969746;https://www.google.com/maps?q=...842.798643400680085,-6.974596291969746
CERVO;43.66279736485999;-7.4382939138543325;https://www.google.com/maps?q=...843.66279736485999,-7.4382939138543325
CESURAS;43.16861809517117;-8.198178528404817;https://www.google.com/maps?q=...843.16861809517117,-8.198178528404817
CHANDREXA DE QUEIXA;42.26679361187832;-7.39745605099925;https://www.google.com/maps?q=...842.26679361187832,-7.39745605099925
CHANTADA;42.61518676379485;-7.82518729627249;https://www.google.com/maps?q=...842.61518676379485,-7.82518729627249
COIROS;43.24392966608781;-8.146501251513296;https://www.google.com/maps?q=...843.24392966608781,-8.146501251513296
COLES;42.404530493321566;-7.839134568332212;https://www.google.com/maps?q=...842.404530493321566,-7.839134568332212
CORCUBION;42.92893045339988;-9.199516577680924;https://www.google.com/maps?q=...842.92893045339988,-9.199516577680924
CORISTANCO;43.15234272957318;-8.759779341550464;https://www.google.com/maps?q=...843.15234272957318,-8.759779341550464
CORTEGADA;42.211241182572266;-8.146939542282768;https://www.google.com/maps?q=...842.211241182572266,-8.146939542282768
COSPEITO;43.22160746768425;-7.539827473347229;https://www.google.com/maps?q=...843.22160746768425,-7.539827473347229
COTOBADE;42.47508550757125;-8.508006103523925;https://www.google.com/maps?q=...842.47508550757125,-8.508006103523925
COVELO;42.262968637298236;-8.35350906754417;https://www.google.com/maps?q=...842.262968637298236,-8.35350906754417
CRECENTE;42.18243281531171;-8.21706031891963;https://www.google.com/maps?q=...842.18243281531171,-8.21706031891963
CUALEDRO;41.98465597964602;-7.602602751591874;https://www.google.com/maps?q=...841.98465597964602,-7.602602751591874
CULLEREDO;43.27589368669853;-8.405061825453611;https://www.google.com/maps?q=...843.27589368669853,-8.405061825453611
CUNTIS;42.62844919682385;-8.539436931833512;https://www.google.com/maps?q=...842.62844919682385,-8.539436931833512
CURTIS;43.144207977072526;-8.064685848682865;https://www.google.com/maps?q=...843.144207977072526,-8.064685848682865
DODRO;42.74809349789255;-8.707819125470431;https://www.google.com/maps?q=...842.74809349789255,-8.707819125470431
DOZON;42.569889919701396;-8.041930849946775;https://www.google.com/maps?q=...842.569889919701396,-8.041930849946775
DUMBRIA;42.99117054370897;-9.079725416283246;https://www.google.com/maps?q=...842.99117054370897,-9.079725416283246
ENTRIMO;41.96009571606478;-8.136564859483641;https://www.google.com/maps?q=...841.96009571606478,-8.136564859483641
ESGOS;42.34062432181868;-7.690460990010505;https://www.google.com/maps?q=...842.34062432181868,-7.690460990010505
FENE;43.46965720986176;-8.15580539672411;https://www.google.com/maps?q=...843.46965720986176,-8.15580539672411
FERROL;43.508045919845486;-8.276859046722738;https://www.google.com/maps?q=...843.508045919845486,-8.276859046722738
FISTERRA;42.92757042237438;-9.268652366368073;https://www.google.com/maps?q=...842.92757042237438,-9.268652366368073
FOLGOSO DO COUREL;42.643940677657156;-7.153813559642575;https://www.google.com/maps?q=...842.643940677657156,-7.153813559642575
FORCAREI;42.599256804571155;-8.341200112372453;https://www.google.com/maps?q=...842.599256804571155,-8.341200112372453
FORNELOS DE MONTES;42.32897309875901;-8.454582244449742;https://www.google.com/maps?q=...842.32897309875901,-8.454582244449742
FOZ;43.5974630158459;-7.351570357622601;https://www.google.com/maps?q=...843.5974630158459,-7.351570357622601
FRADES;43.07890612251515;-8.285732404039123;https://www.google.com/maps?q=...843.07890612251515,-8.285732404039123
FRIOL;43.044369285997945;-7.809245012627512;https://www.google.com/maps?q=...843.044369285997945,-7.809245012627512
GOMESENDE;42.198569464014284;-8.094699443653646;https://www.google.com/maps?q=...842.198569464014284,-8.094699443653646
GONDOMAR;42.123850385254975;-8.724642237690373;https://www.google.com/maps?q=...842.123850385254975,-8.724642237690373
GUITIRIZ;43.21616502805657;-7.8449420765901365;https://www.google.com/maps?q=...843.21616502805657,-7.8449420765901365
GUNTIN;42.904678329763634;-7.648524137865172;https://www.google.com/maps?q=...842.904678329763634,-7.648524137865172
IRIXOA;43.28745767623226;-8.051643014563414;https://www.google.com/maps?q=...843.28745767623226,-8.051643014563414
LALIN;42.653388507217;-8.140068132587365;https://www.google.com/maps?q=...842.653388507217,-8.140068132587365
LANCARA;42.839774356376466;-7.2974583247744205;https://www.google.com/maps?q=...842.839774356376466,-7.2974583247744205
LAROUCO;42.35162107562728;-7.16948681688335;https://www.google.com/maps?q=...842.35162107562728,-7.16948681688335
LAXE;43.18488668518013;-9.024262783138585;https://www.google.com/maps?q=...843.18488668518013,-9.024262783138585
LAZA;42.12670795790747;-7.462216146158361;https://www.google.com/maps?q=...842.12670795790747,-7.462216146158361
LEIRO;42.38053088224996;-8.165867221964712;https://www.google.com/maps?q=...842.38053088224996,-8.165867221964712
LOBEIRA;42.01046521892248;-8.040909629417325;https://www.google.com/maps?q=...842.01046521892248,-8.040909629417325
LOBIOS;41.91253892262018;-8.066467081625234;https://www.google.com/maps?q=...841.91253892262018,-8.066467081625234
LOURENZA;43.460908082092885;-7.2874272533415905;https://www.google.com/maps?q=...843.460908082092885,-7.2874272533415905
LOUSAME;42.77889400019492;-8.83464366294854;https://www.google.com/maps?q=...842.77889400019492,-8.83464366294854
LUGO;43.01095745548157;-7.567669475346804;https://www.google.com/maps?q=...843.01095745548157,-7.567669475346804
MACEDA;42.2580080498534;-7.60128828581598;https://www.google.com/maps?q=...842.2580080498534,-7.60128828581598
MALPICA DE BERGANTINOS;43.28977003061251;-8.84223056183465;https://www.google.com/maps?q=...843.28977003061251,-8.84223056183465
MANON;43.6266037926031;-7.747890253559479;https://www.google.com/maps?q=...843.6266037926031,-7.747890253559479
MANZANEDA;42.28075048117412;-7.240052272111919;https://www.google.com/maps?q=...842.28075048117412,-7.240052272111919
MARIN;42.34371921627962;-8.690326676127865;https://www.google.com/maps?q=...842.34371921627962,-8.690326676127865
MASIDE;42.42225985895255;-8.016309806410543;https://www.google.com/maps?q=...842.42225985895255,-8.016309806410543
MAZARICOS;42.93475713978711;-9.004291894158648;https://www.google.com/maps?q=...842.93475713978711,-9.004291894158648
MEANO;42.45355904053122;-8.77692534078279;https://www.google.com/maps?q=...842.45355904053122,-8.77692534078279
MEIRA;43.22168080547426;-7.273383172809417;https://www.google.com/maps?q=...843.22168080547426,-7.273383172809417
MEIS;42.49228473027814;-8.735075889761822;https://www.google.com/maps?q=...842.49228473027814,-8.735075889761822
MELIDE;42.93057485615344;-8.016611772005971;https://www.google.com/maps?q=...842.93057485615344,-8.016611772005971
MELON;42.291788878000574;-8.219719806211545;https://www.google.com/maps?q=...842.291788878000574,-8.219719806211545
MESIA;43.10689236619817;-8.2570385837324;https://www.google.com/maps?q=...843.10689236619817,-8.2570385837324
MINO;43.37429216664552;-8.192835782447583;https://www.google.com/maps?q=...843.37429216664552,-8.192835782447583
MOANA;42.32744605051329;-8.712558530817644;https://www.google.com/maps?q=...842.32744605051329,-8.712558530817644
MOECHE;43.53254070536678;-8.004560081932308;https://www.google.com/maps?q=...843.53254070536678,-8.004560081932308
MONDARIZ;42.25830649993234;-8.455264620249526;https://www.google.com/maps?q=...842.25830649993234,-8.455264620249526
MONDARIZ-BALNEARIO;42.22350285568547;-8.472988906069656;https://www.google.com/maps?q=...842.22350285568547,-8.472988906069656
MONDONEDO;43.436780115973036;-7.3506800395548;https://www.google.com/maps?q=...843.436780115973036,-7.3506800395548
MONFERO;43.3159812484709;-8.081063461645023;https://www.google.com/maps?q=...843.3159812484709,-8.081063461645023
MONFORTE DE LEMOS;42.52724223745145;-7.4838152108836855;https://www.google.com/maps?q=...842.52724223745145,-7.4838152108836855
MONTEDERRAMO;42.29312316812814;-7.520502211669968;https://www.google.com/maps?q=...842.29312316812814,-7.520502211669968
MONTERREI;41.96597086483153;-7.561256329110963;https://www.google.com/maps?q=...841.96597086483153,-7.561256329110963
MONTERROSO;42.83129879441007;-7.787303875274552;https://www.google.com/maps?q=...842.83129879441007,-7.787303875274552
MORANA;42.57840020426996;-8.590296593877536;https://www.google.com/maps?q=...842.57840020426996,-8.590296593877536
MOS;42.20725019710542;-8.630303831136361;https://www.google.com/maps?q=...842.20725019710542,-8.630303831136361
MUGARDOS;43.45795396703214;-8.220388440583772;https://www.google.com/maps?q=...843.45795396703214,-8.220388440583772
MUINOS;41.952763969469814;-7.944029800614633;https://www.google.com/maps?q=...841.952763969469814,-7.944029800614633
MURAS;43.47391145979205;-7.694569801456715;https://www.google.com/maps?q=...843.47391145979205,-7.694569801456715
MUROS;42.81116864745091;-9.021757703169747;https://www.google.com/maps?q=...842.81116864745091,-9.021757703169747
MUXIA;43.05644344357761;-9.206157688419067;https://www.google.com/maps?q=...843.05644344357761,-9.206157688419067
NARON;43.53786631381024;-8.17499910285234;https://www.google.com/maps?q=...843.53786631381024,-8.17499910285234
NAVIA DE SUARNA;42.97921401569541;-6.992563877472046;https://www.google.com/maps?q=...842.97921401569541,-6.992563877472046
NEDA;43.50779974423211;-8.125042413525769;https://www.google.com/maps?q=...843.50779974423211,-8.125042413525769
NEGREIRA;42.913579553021194;-8.810205484037574;https://www.google.com/maps?q=...842.913579553021194,-8.810205484037574
NEGUEIRA DE MUNIZ;43.14072645597474;-6.877376237463917;https://www.google.com/maps?q=...843.14072645597474,-6.877376237463917
NIGRAN;42.14446241881305;-8.77365051075643;https://www.google.com/maps?q=...842.14446241881305,-8.77365051075643
NOGUEIRA DE RAMUIN;42.41060632989215;-7.728319612033129;https://www.google.com/maps?q=...842.41060632989215,-7.728319612033129
NOIA;42.79889198275029;-8.87341656649222;https://www.google.com/maps?q=...842.79889198275029,-8.87341656649222
OIA;42.02095344024327;-8.838078651384937;https://www.google.com/maps?q=...842.02095344024327,-8.838078651384937
OIMBRA;41.89469423626635;-7.5268240068444365;https://www.google.com/maps?q=...841.89469423626635,-7.5268240068444365
OLEIROS;43.37038574790769;-8.327735398909672;https://www.google.com/maps?q=...843.37038574790769,-8.327735398909672
ORDES;43.10816528805361;-8.40323755100383;https://www.google.com/maps?q=...843.10816528805361,-8.40323755100383
OROSO;43.00287083711041;-8.402975072678567;https://www.google.com/maps?q=...843.00287083711041,-8.402975072678567
ORTIGUEIRA;43.62152512384404;-7.830867079917993;https://www.google.com/maps?q=...843.62152512384404,-7.830867079917993
OTRA PROVINCIA;42.53227195757975;-7.1669577588695015;https://www.google.com/maps?q=...842.53227195757975,-7.1669577588695015
OURENSE;42.35024880448896;-7.877942265812163;https://www.google.com/maps?q=...842.35024880448896,-7.877942265812163
OUROL;43.56495403964042;-7.669162474895772;https://www.google.com/maps?q=...843.56495403964042,-7.669162474895772
OUTEIRO DE REI;43.09476911906209;-7.6345205060489505;https://www.google.com/maps?q=...843.09476911906209,-7.6345205060489505
OUTES;42.868622277431115;-8.897116245095507;https://www.google.com/maps?q=...842.868622277431115,-8.897116245095507
OZA DOS RIOS;43.19875172411424;-8.145012400272641;https://www.google.com/maps?q=...843.19875172411424,-8.145012400272641
OZA-CESURAS;43.20169541484777;-8.14261759859663;https://www.google.com/maps?q=...843.20169541484777,-8.14261759859663
PADERNE;43.29573848747511;-8.17634912869708;https://www.google.com/maps?q=...843.29573848747511,-8.17634912869708
PADERNE DE ALLARIZ;42.28354554229533;-7.759553934807238;https://www.google.com/maps?q=...842.28354554229533,-7.759553934807238
PADRENDA;42.126497897287194;-8.16069861807096;https://www.google.com/maps?q=...842.126497897287194,-8.16069861807096
PADRON;42.763797224598264;-8.635700419919342;https://www.google.com/maps?q=...842.763797224598264,-8.635700419919342
PALAS DE REI;42.90399496343213;-7.891014720009944;https://www.google.com/maps?q=...842.90399496343213,-7.891014720009944
PANTON;42.499817714226566;-7.653086632690846;https://www.google.com/maps?q=...842.499817714226566,-7.653086632690846
PARADA DE SIL;42.370339004303226;-7.558082019217096;https://www.google.com/maps?q=...842.370339004303226,-7.558082019217096
PARADELA;42.73815230746991;-7.587123888615833;https://www.google.com/maps?q=...842.73815230746991,-7.587123888615833
PAZOS DE BORBEN;42.29690286258028;-8.53635967436729;https://www.google.com/maps?q=...842.29690286258028,-8.53635967436729
PEDRAFITA DO CEBREIRO;42.694805051796905;-7.0800257618668585;https://www.google.com/maps?q=...842.694805051796905,-7.0800257618668585
PETIN;42.37881658529691;-7.144285283651826;https://www.google.com/maps?q=...842.37881658529691,-7.144285283651826
PINOR;42.53402834852156;-8.021000602542596;https://www.google.com/maps?q=...842.53402834852156,-8.021000602542596
POIO;42.44699166057879;-8.71481363508029;https://www.google.com/maps?q=...842.44699166057879,-8.71481363508029
POL;43.153694281473285;-7.317090546430162;https://www.google.com/maps?q=...843.153694281473285,-7.317090546430162
PONTE CALDELAS;42.39048319648981;-8.516570001756513;https://www.google.com/maps?q=...842.39048319648981,-8.516570001756513
PONTEAREAS;42.191321979154694;-8.51584074576897;https://www.google.com/maps?q=...842.191321979154694,-8.51584074576897
PONTECESO;43.26584274407828;-8.893408193640264;https://www.google.com/maps?q=...843.26584274407828,-8.893408193640264
PONTECESURES;42.721803164201205;-8.641959160467344;https://www.google.com/maps?q=...842.721803164201205,-8.641959160467344
PONTEDEUME;43.403435370239656;-8.16108350532213;https://www.google.com/maps?q=...843.403435370239656,-8.16108350532213
PONTEDEVA;42.17740392482357;-8.152856721634187;https://www.google.com/maps?q=...842.17740392482357,-8.152856721634187
PONTEVEDRA;42.423639805969;-8.606734570039414;https://www.google.com/maps?q=...842.423639805969,-8.606734570039414
PORQUEIRA;42.039483232911316;-7.853288347821831;https://www.google.com/maps?q=...842.039483232911316,-7.853288347821831
PORTAS;42.573229480846905;-8.668473910722174;https://www.google.com/maps?q=...842.573229480846905,-8.668473910722174
PORTO DO SON;42.68860185044302;-8.985119216045453;https://www.google.com/maps?q=...842.68860185044302,-8.985119216045453
PORTOMARIN;42.80966599159964;-7.689967070148844;https://www.google.com/maps?q=...842.80966599159964,-7.689967070148844
PORTUGAL;41.938285119471836;-7.752600782445992;https://www.google.com/maps?q=...841.938285119471836,-7.752600782445992
PUNXIN;42.380739089252714;-8.002306614916398;https://www.google.com/maps?q=...842.380739089252714,-8.002306614916398
QUINTELA DE LEIRADO;42.12759135307275;-8.08939397378339;https://www.google.com/maps?q=...842.12759135307275,-8.08939397378339
QUIROGA;42.48671391288768;-7.219371587092864;https://www.google.com/maps?q=...842.48671391288768,-7.219371587092864
RABADE;43.131686540308465;-7.617836464955911;https://www.google.com/maps?q=...843.131686540308465,-7.617836464955911
RAIRIZ DE VEIGA;42.10904186499938;-7.85031383811597;https://www.google.com/maps?q=...842.10904186499938,-7.85031383811597
RAMIRAS;42.184928911241116;-8.037773784715466;https://www.google.com/maps?q=...842.184928911241116,-8.037773784715466
REDONDELA;42.2857751595759;-8.620382544632255;https://www.google.com/maps?q=...842.2857751595759,-8.620382544632255
RIANXO;42.69074577456052;-8.773581783559404;https://www.google.com/maps?q=...842.69074577456052,-8.773581783559404
RIBADAVIA;42.29310900904334;-8.14292247385765;https://www.google.com/maps?q=...842.29310900904334,-8.14292247385765
RIBADEO;43.51952832773459;-7.100841635957162;https://www.google.com/maps?q=...843.51952832773459,-7.100841635957162
RIBADUMIA;42.54056720239237;-8.733677773741809;https://www.google.com/maps?q=...842.54056720239237,-8.733677773741809
RIBAS DE SIL;42.44058774141899;-7.320117915862875;https://www.google.com/maps?q=...842.44058774141899,-7.320117915862875
RIBEIRA;42.597056765878015;-8.995986167343249;https://www.google.com/maps?q=...842.597056765878015,-8.995986167343249
RIBEIRA DE PIQUIN;43.183246329119626;-7.1943545807403435;https://www.google.com/maps?q=...843.183246329119626,-7.1943545807403435
RIOS;41.97411564167685;-7.270166670844932;https://www.google.com/maps?q=...841.97411564167685,-7.270166670844932
RIOTORTO;43.31026899864666;-7.265662730894678;https://www.google.com/maps?q=...843.31026899864666,-7.265662730894678
RODEIRO;42.64486737457623;-7.952641911558052;https://www.google.com/maps?q=...842.64486737457623,-7.952641911558052
ROIS;42.806033714883185;-8.721467071101747;https://www.google.com/maps?q=...842.806033714883185,-8.721467071101747
RUBIA;42.462704772045896;-6.949635312930834;https://www.google.com/maps?q=...842.462704772045896,-6.949635312930834
SADA;43.35762333484959;-8.282619219287422;https://www.google.com/maps?q=...843.35762333484959,-8.282619219287422
SALCEDA DE CASELAS;42.10994548045167;-8.575866557439447;https://www.google.com/maps?q=...842.10994548045167,-8.575866557439447
SALVATERRA DE MINO;42.12927686787352;-8.489905220238724;https://www.google.com/maps?q=...842.12927686787352,-8.489905220238724
SAMOS;42.72881963078911;-7.271282800834158;https://www.google.com/maps?q=...842.72881963078911,-7.271282800834158
SAN AMARO;42.383053709246894;-8.06733352289033;https://www.google.com/maps?q=...842.383053709246894,-8.06733352289033
SAN CIBRAO DAS VINAS;42.2837371779665;-7.8569852542859495;https://www.google.com/maps?q=...842.2837371779665,-7.8569852542859495
SAN CRISTOVO DE CEA;42.50660439393493;-7.943144038520559;https://www.google.com/maps?q=...842.50660439393493,-7.943144038520559
SAN SADURNINO;43.51658541967822;-8.050570225855184;https://www.google.com/maps?q=...843.51658541967822,-8.050570225855184
SAN XOAN DE RIO;42.391712909696665;-7.335785669997775;https://www.google.com/maps?q=...842.391712909696665,-7.335785669997775
SANDIAS;42.14668435427938;-7.765910905770024;https://www.google.com/maps?q=...842.14668435427938,-7.765910905770024
SANTA COMBA;43.0647778934907;-8.77534219169473;https://www.google.com/maps?q=...843.0647778934907,-8.77534219169473
SANTIAGO DE COMPOSTELA;42.91054891753242;-8.550132884304656;https://www.google.com/maps?q=...842.91054891753242,-8.550132884304656
SANTISO;42.86979436648806;-8.053971487765844;https://www.google.com/maps?q=...842.86979436648806,-8.053971487765844
SANXENXO;42.41986243939749;-8.819876074087494;https://www.google.com/maps?q=...842.41986243939749,-8.819876074087494
SARREAUS;42.11720548663372;-7.597539783611501;https://www.google.com/maps?q=...842.11720548663372,-7.597539783611501
SARRIA;42.76615671114038;-7.443968640129935;https://www.google.com/maps?q=...842.76615671114038,-7.443968640129935
SILLEDA;42.6787510180588;-8.264398075160706;https://www.google.com/maps?q=...842.6787510180588,-8.264398075160706
SOBER;42.43368573600263;-7.558145011562892;https://www.google.com/maps?q=...842.43368573600263,-7.558145011562892
SOBRADO;43.05188481464597;-7.995908171244839;https://www.google.com/maps?q=...843.05188481464597,-7.995908171244839
SOUTOMAIOR;42.33184492439988;-8.56741304447946;https://www.google.com/maps?q=...842.33184492439988,-8.56741304447946
TABOADA;42.714909616310635;-7.765671742083125;https://www.google.com/maps?q=...842.714909616310635,-7.765671742083125
TABOADELA;42.26484378935048;-7.815714580639481;https://www.google.com/maps?q=...842.26484378935048,-7.815714580639481
TEO;42.81134657916308;-8.568330767065136;https://www.google.com/maps?q=...842.81134657916308,-8.568330767065136
TOEN;42.31758742554449;-7.963736189120425;https://www.google.com/maps?q=...842.31758742554449,-7.963736189120425
TOMINO;42.010804832111404;-8.733649926662189;https://www.google.com/maps?q=...842.010804832111404,-8.733649926662189
TOQUES;42.97111823841762;-7.960295456777762;https://www.google.com/maps?q=...842.97111823841762,-7.960295456777762
TORDOIA;43.1056834816302;-8.574940616731439;https://www.google.com/maps?q=...843.1056834816302,-8.574940616731439
TOURO;42.862027913784864;-8.302342084344136;https://www.google.com/maps?q=...842.862027913784864,-8.302342084344136
TRABADA;43.445778855687884;-7.134106783192074;https://www.google.com/maps?q=...843.445778855687884,-7.134106783192074
TRASMIRAS;42.03203902608516;-7.62077317315681;https://www.google.com/maps?q=...842.03203902608516,-7.62077317315681
TRAZO;43.02376079247874;-8.565342915923415;https://www.google.com/maps?q=...843.02376079247874,-8.565342915923415
TRIACASTELA;42.7681411499259;-7.230566622887052;https://www.google.com/maps?q=...842.7681411499259,-7.230566622887052
TUI;42.09367267489639;-8.643390221403221;https://www.google.com/maps?q=...842.09367267489639,-8.643390221403221
VAL DO DUBRA;43.03758659145401;-8.645406090683194;https://www.google.com/maps?q=...843.03758659145401,-8.645406090683194
VALDOVINO;43.58932641300895;-8.161473335779615;https://www.google.com/maps?q=...843.58932641300895,-8.161473335779615
VALGA;42.66017006273579;-8.64713991359037;https://www.google.com/maps?q=...842.66017006273579,-8.64713991359037
VEDRA;42.81797775859024;-8.474895431694524;https://www.google.com/maps?q=...842.81797775859024,-8.474895431694524
VEREA;42.11533508097537;-7.970311372652574;https://www.google.com/maps?q=...842.11533508097537,-7.970311372652574
VERIN;41.94199429449593;-7.438160297085576;https://www.google.com/maps?q=...841.94199429449593,-7.438160297085576
VIANA DO BOLO;42.16494576398493;-7.098234442640712;https://www.google.com/maps?q=...842.16494576398493,-7.098234442640712
VIGO;42.21763182242981;-8.71057037593946;https://www.google.com/maps?q=...842.21763182242981,-8.71057037593946
VILA DE CRUCES;42.794436716464354;-8.197939922275413;https://www.google.com/maps?q=...842.794436716464354,-8.197939922275413
VILABOA;42.348596744190914;-8.663528227518718;https://www.google.com/maps?q=...842.348596744190914,-8.663528227518718
VILAGARCIA DE AROUSA;42.60970477867474;-8.746851828570207;https://www.google.com/maps?q=...842.60970477867474,-8.746851828570207
VILALBA;43.316680076215064;-7.655063733731772;https://www.google.com/maps?q=...843.316680076215064,-7.655063733731772
VILAMARIN;42.47025440113254;-7.889207981795595;https://www.google.com/maps?q=...842.47025440113254,-7.889207981795595
VILAMARTIN DE VALDEORRAS;42.45005553867116;-7.074781661207137;https://www.google.com/maps?q=...842.45005553867116,-7.074781661207137
VILANOVA DE AROUSA;42.54810814552999;-8.771222202558652;https://www.google.com/maps?q=...842.54810814552999,-8.771222202558652
VILAR DE BARRIO;42.20376245569299;-7.597438097069705;https://www.google.com/maps?q=...842.20376245569299,-7.597438097069705
VILAR DE SANTOS;42.11002522078542;-7.808077207051976;https://www.google.com/maps?q=...842.11002522078542,-7.808077207051976
VILARDEVOS;41.92379218391965;-7.333235190652857;https://www.google.com/maps?q=...841.92379218391965,-7.333235190652857
VILARINO DE CONSO;42.17374624675603;-7.24957613641977;https://www.google.com/maps?q=...842.17374624675603,-7.24957613641977
VILARMAIOR;43.359558060783044;-8.131628937034847;https://www.google.com/maps?q=...843.359558060783044,-8.131628937034847
VILASANTAR;43.07444638554645;-8.08750357141259;https://www.google.com/maps?q=...843.07444638554645,-8.08750357141259
VIMIANZO;43.103716170966315;-9.029814654857391;https://www.google.com/maps?q=...843.103716170966315,-9.029814654857391
VIVEIRO;43.61949243486916;-7.589817078197113;https://www.google.com/maps?q=...843.61949243486916,-7.589817078197113
XERMADE;43.36216145097018;-7.805545251117435;https://www.google.com/maps?q=...843.36216145097018,-7.805545251117435
XINZO DE LIMIA;42.04059200871934;-7.702135878552338;https://www.google.com/maps?q=...842.04059200871934,-7.702135878552338
XOVE;43.669226836153186;-7.517542727112504;https://www.google.com/maps?q=...843.669226836153186,-7.517542727112504
XUNQUEIRA DE AMBIA;42.176313772952625;-7.716182050062079;https://www.google.com/maps?q=...842.176313772952625,-7.716182050062079
XUNQUEIRA DE ESPADANEDO;42.32826242556796;-7.666025823766679;https://www.google.com/maps?q=...842.32826242556796,-7.666025823766679
ZAS;43.079077107702645;-8.897541354647116;https://www.google.com/maps?q=...843.079077107702645,-8.897541354647116
